Кандзи,Значение,On,Kun,Номер,Level
一,один,イチ・イツ,ひと-つ,1,5
二,два,ニ,ふた-つ,2,5
三,три,サン,みっ-つ・み-つ,3,5
四,четыре,シ,よん・よっ-つ・よ-つ,4,5
五,пять,ゴ,いつ-つ,5,5
六,шесть,ロク,むっ-つ・む-つ,6,5
七,семь,シチ,なな-つ,7,5
八,восемь,ハチ,やっ-つ・や-つ,8,5
九,девять,キュウ・ク,ここの-つ,9,5
十,десять,ジュウ・ジッ・ジュッ,とお・と,10,5
百,сто,ヒャク・ビャク,もも,11,5
千,тысяча,セン,ち,12,5
万,десять тысяч,マン・バン,よろず,13,5
人,человек,ジン・ニン,ひと,14,5
見,видеть,ケン,み-る ・み-える ・み-せる,15,5
出,выходить; появляться; вынимать; выдавать,シュツ,で-る・だ-す,16,5
日,день; солнце,ニチ・ジツ,ひ・か,17,5
来,приходить,ライ・タイ,く-る,18,5
子,ребёнок; детёныш,シ・ス,こ,19,5
大,большой,ダイ・タイ,おお-きい,20,5
上,верх,ジョウ,うえ・あ-がる,21,5
分,понимать; минута; доля,ブン・フン・ブ ,わ-かる・わ-ける・わ-かれる,22,5
中,середина; внутри; во время; в течение,チュウ,なか・うち,23,5
行,идти; ходить; уходить; совершать; осуществлять ,コウ・ギョウ,い-く・ゆ-く・おこな-う,24,5
時,время; час,ジ,とき,25,5
何,что?,カ,なに・なん,26,5
生,жизнь; жить; быть живым; рождаться; рождать; приносить; сырой,セイ・ショウ,い-きる・う-まれる・は-やす・う-む・なま,27,5
間,интервал; промежуток; период; комната,カン・ケン,あいだ・ま,28,5
言,сказать,ゲン・ゴン,いう・こと,29,4
手,рука,シュ,て,30,4
女,женщина,ジョ・ニョ・ニョウ,おんな,31,5
気,дух; воздух; пар; атмосфера; чувства; настроение,キ・ケ,き,32,5
本,книга; источник; основа,ホン,もと,33,5
年,год; возраст,ネン,とし,34,5
前,до; впереди,ゼン,まえ,35,5
今,сейчас,コン・キン,いま,36,5
下,низ,カ・ゲ,した・くだ-さる・お-りる・さ-がる・さ-げる,37,5
立,вставать; стоять,リツ,た-つ・た-てる,38,4
小,маленький,ショウ,ちいさい・こ-,39,5
入,входить; вставлять; входить,ニュウ,はい-る・い-る・い-れる,40,5
月,месяц; луна,ゲツ・ガツ,つき,41,5
目,глаз; суффикс порядковых числительных ,モク・ボク,め,42,4
学,учение; знание; наука; изучать ,ガク,まな-ぶ,43,5
書,писать,ショ,か-く,44,5
後,после; потом; позади; сзади,ゴ・コウ,うし-ろ・あと・のち・(おく-れる),45,5
山,гора,サン,やま,46,5
話,говорить; рассказывать; разговор; беседа ,ワ,はなし・はな-す,47,5
先,впереди; кончик; острие; раньше; сначала; прежде всего,セン,さき・まず,48,5
少,мало; немного; юность,ショウ,すく-ない・すこ-し,49,4
長,длинный; начальник; старший,チョウ,なが-い,50,5
聞,слышать; спрашивать; быть слышным; звучать ,ブン・モン,きく・き-こえる,51,5
水,вода,スイ,みず,52,5
口,рот; речь; отверстие,コウ,くち,53,4
空,небо; пустота,クウ,そら・から・あ-く,54,4
名,имя; название,メイ・ミョウ,な,55,5
会,встреча; собрание,カイ,あ-う,56,4
男,мужчина,ダン・ナン,おとこ,57,5
白,белый; невинность; невиновность,ハク・ビャク,しろ-い・しろ,58,5
外,снаружи; иностранный; исключение,ガイ・ゲ,そと・ほか・はず-す,59,5
道,дорога; путь; расстояние,ドウ,みち,60,4
国,страна,コク,くに,61,5
新,новый,シン,あたら-しい・あら-た,62,4
木,дерево,モク・ボク,き,63,5
多,много,タ,おお-い,64,4
足,нога,ソク,あし・た-りる,65,4
金,золото; деньги,キン・コン,かね,66,5
高,высокий,コウ,たか-い,67,5
母,мать,ボ,はは,68,5
天,небо; погода,テン,あま,69,5
父,отец,フ,ちち,70,5
食,еда,ショク,た-べる・く-う,71,5
川,река,セン,かわ,72,5
語,язык; слово,ゴ,かた-る,73,5
社,компания; святилище; общество,シャ,やしろ,74,4
校,школа,コウ・キョウ,―,75,5
花,цветок,カ,はな,76,4
車,машина; повозка; колёсное транспортное средство,シャ,くるま,77,5
古,старый,コ,ふる-い,78,4
火,огонь,カ,ひ,79,5
土,земля; почва,ト・ド,つち,80,5
東,восток,トウ,ひがし,81,5
安,дешёвый; спокойный; безопасный,アン,やす-い,82,4
半,половина,ハン,なかば,83,5
読,читать,ドク・トク,よ-む,84,5
右,право,ウ・ユウ,みぎ,85,5
左,лево,サ,ひだり,86,5
西,запад,セイ・サイ・ス,にし,87,5
友,друг,ユウ,とも,88,5
電,электричество,デン,―,89,5
店,магазин,テン,みせ,90,4
雨,дождь,ウ,あめ・あま,91,5
北,север,ホク・ホッ,きた,92,5
買,покупать,バイ,か-う,93,4
耳,ухо,ジ,みみ,94,3
南,юг,ナン,みなみ,95,5
円,иена; круг; круглый,エン,まる・まる-い,96,5
毎,каждый,マイ,ごと,97,5
飲,пить,イン,の-む,98,4
休,отдых,キュウ,やす-む・やす-み,99,5
魚,рыба,ギョ,さかな,100,4
午,полдень; Лошадь,ゴ,うま,101,5
駅,Станция,エキ,―,102,4
週,неделя,シュウ,―,103,4
思,думать; полагать,シ,おも-う,104,4
事,дело; обстоятельство,ジ,こと,105,4
私,я; свой; личный,シ,わたし・わたくし,106,4
自,сам; лично; само собой; спонтанно,ジ,みずか-ら・おの-ずから,107,4
方,сторона; направление; человек (вежливо),ホウ,かた,108,4
者,человек; некто,シャ,もの,109,4
心,сердце; чувство; сердцевина; центр,シン,こころ,110,4
家,дом,カ・ケ,いえ・うち,111,4
物,вещь,ブツ・モツ,もの,112,4
文,текст; письменность; фраза; культура,ブン・モン,ふみ,113,4
知,знания; знать; извещение; извещать,チ,しる・し-らせ・し-らせる,114,4
作,создавать,サク・サ,つく-る,115,4
合,соединять; подходить,ゴウ・ガッ,あう,116,3
持,иметь; держать (в руках),ジ,も-つ,117,4
意,идея; мысль; мнение,イ,―,118,4
地,земля; почва; местность,チ・ジ,―,119,4
度,раз; градус; величина,ド,たび,120,4
屋,дом; крыша,オク,や,121,4
同,одинаковый; вышеупомянутый,ドウ,おな-じ,122,4
不,не,フ・ブ,―,123,4
力,сила,リョク・リキ,ちから,124,4
所,место; учреждение,ショ,ところ,125,3
明,яркий; очевидный; мудрость,メイ・ミョウ,あ-かり・あか-るい,126,4
通,проходить; проезжать; общепринятый; знаток; улица,ツウ,とお-る・とお-り・とお-す・かよ-う,127,4
代,менять местами; эпоха; плата,ダイ,か-わる・か-える,128,4
顔,лицо,ガン,かお,129,3
理,разум; принцип; закон; теория; управление чем-то,リ,ことわり (используется редко),130,4
世,мир; эпоха; поколение,セ・セイ,よ,131,4
場,место; рынок; физ. поле,ジョウ,ば,132,4
田,рисовое поле,デン,た,133,4
主,хозяин,シュ,ぬし・おも,134,4
考,размышлять,コウ,かんが-える,135,4
正,верный; правильный; справедливый,セイ・ショウ,ただ-しい・まさ-に・ただ-す,136,4
動,двигаться; работать,ドウ,うご-く・うご-かす,137,4
風,ветер; вид; манера; обычаи,フウ,かぜ,138,4
体,тело; вещество; корпус,タイ,からだ,139,4
声,голос,セイ・ショウ,こえ,140,3
夜,ночь,ヤ,よる,141,4
青,синий; голубой,セイ,あお・あお-い,142,4
味,вкус,ミ,あじ・あじ-わう,143,4
切,резать,セツ・セイ,き-る・き-れる,144,4
近,близкий,キン,ちか-い,145,4
色,цвет,ショク・シキ,いろ,146,4
発,испускать; выпускать; публиковать; отправляться; выходить,ハツ,はっ-する,147,4
以,посредством; префикс направления,イ,ー,148,4
真,правда; истина,シン,まこと,149,4
用,использовать; дело,ヨウ,もち-いる,150,4
頭,голова,トウ・ズ,あたま・かしら,151,3
死,смерть,シ,し-ぬ,152,4
引,тянуть,イン,ひ-く,153,3
太,толстый; большой; великий,タイ,ふと-い・ふと-る,154,3
音,звук,オン・イン,おと・ね,155,4
親,родитель; родство; дружба; близость,シン,おや・した-しい ・した-しむ,156,4
帰,возвращаться,キ,かえ-る・かえ-す,157,4
野,поле; дикий,ヤ,の,158,4
歩,шагать,ホ・ブ,ある-く・あゆ-む,159,4
仕,служить; делать,シ,つか-える,160,4
問,вопрос,モン,と-う,161,4
教,учить; преподавать,キョウ,おし-える・おそ-わる,162,4
有,быть; иметь,ユウ・ウ,あ-る,163,4
着,надевать; носить; прибывать; прилипать,チャク・ジャク,つ-く・き-る・き-せる,164,4
悪,плохой,アク・オ,わる-い,165,4
好,нравиться,コウ,この-む・す-き,166,3
別,другой; отделяться; расставаться,ベツ,わか-れる・わ-ける,167,4
光,свет; сияние,コウ,ひかり・ひか-る,168,3
村,деревня,ソン,むら,169,2
門,ворота,モン,かど,170,2
重,тяжёлый,ジュウ・チョウ,おも-い・かさ-ねる・ かさ-なる,171,4
起,вставать; случаться; будить,キ,お-きる・お-こる・お-こす ,172,4
説,объяснять; убеждать; теория,セツ,と-く,173,3
字,буква; знак,ジ,あざ,174,4
朝,утро,チョウ,あさ,175,4
早,рано; быстро,ソウ,はや-い・はや-まる・はや-める,176,4
海,море,カイ,うみ,177,4
町,город (небольшой),チョウ,まち,178,4
開,открывать,カイ,ひら-く・あ-く・あ-ける,179,4
集,собирать,シュウ,あつ-める・ あつ-まる,180,4
民,народ,ミン,たみ,181,3
強,сильный,キョウ・ゴウ,つよ-い・つよ-まる・つ よ-める,182,4
待,ждать,タイ,ま-つ,183,4
遠,далёкий,エン,とお-い,184,3
紙,бумага,シ,かみ,185,4
楽,удовольствие; музыка,ラク・ガク,たの-しい・たの-しむ,186,4
題,заглавие; тема,ダイ,―,187,4
使,пользоваться,シ,つか-う,188,4
室,комната,シツ,むろ,189,4
始,начинаться,シ,はじ-まり・はじ-める・はじ-まる,190,4
黒,чёрный,コク,くろ・くろ-い,191,4
品,товар; качество чего-либо,ヒン,しな,192,4
歌,песня,カ,うた・うた-う,193,4
界,мир; граница; физ. поле,カイ,ー,194,4
病,болеть,ビョウ,や-む・やま-い,195,4
元,начало; исток; основа,ゲン・ガン,もと,196,4
京,столица,キョー・ケイ,―,197,4
急,спешить,キュウ,いそ-ぐ,198,4
業,промышленность; дело,ギョウ,わざ,199,4
進,продвигаться,シン,すす-む・すす-める,200,3
赤,красный,セキ,あか・あか-い,201,4
図,чертеж; план; карта; планировать; замышлять,ズ・ト,ー,202,4
画,черта; картина; рисовать,ガ・カク,ー,203,4
運,судьба; удача; перевозить; двигаться,ウン,はこ-ぶ,204,4
特,особый,トク,とく-に,205,4
質,качество; характер; материя; качественность,シツ,―,206,4
終,конец,シュウ,おわ-り・おわ-る・お-える,207,4
乗,ехать; умножать; возводить в степень,ジョウ,の-る・の-せる,208,3
止,остановиться,シ,と-める・と-まる・や-める・や-む,209,4
台,подставка; сцена; счетный суффикс машин,ダイ・タイ,―,210,4
暗,тёмный,アン,くら-い,211,3
去,уходить,キョ,さ-る,212,4
首,шея; главный,シュ,くび,213,3
茶,чай; беспорядок,チャ・サ,―,214,4
兄,старший брат,キョウ,あに,215,4
春,весна; страсть; эротика,シュン,はる,216,4
答,ответ,トウ,こた-える・こた-え,217,4
都,столица; город,ト・シ,みやこ,218,3
工,ремесло; техника,コウ・ク,―,219,4
計,мерить,ケイ,はかる,220,4
走,бежать,ソウ,はし-る,221,4
館,здание; дворец,カン,やかた,222,4
広,широкий,コウ,ひろ-い・ひろ-がる・ひろ-める ,223,4
注,наливать; запись; заказ,チュウ,そそ-ぐ・つ-ぐ,224,4
住,жить; проживать,ジュウ・ヂュウ・チュウ,す-む,225,4
売,продавать,バイ,う-る,226,4
旅,путешествие,リョ,たび,227,4
働,работа,ドウ,はたら-く,228,3
市,город (крупный); рынок,シ,いち,229,3
服,одежда; подчинение,フク,―,230,4
産,рождать; имущество,サン,う-む・う-まれる,231,3
送,посылать; провожать,ソウ,おく-る,232,4
洋,океан,ヨウ,―,233,4
夕,вечер,セキ,ゆう,234,4
秋,осень,シュウ,あき,235,4
料,оплата; материал,リョウ,―,236,4
鳥,птица,チョウ,とり,237,4
林,роща,リン,はやし,238,2
肉,мясо; телесный; физический,ニク,―,239,4
回,раз; вращать,カイ,まわ-る・まわ-す,240,3
院,учреждение; парламент,イン,―,241,4
員,работник; сотрудник; член,イン,―,242,4
弟,младший брат; ученик,テイ,おとうと,243,4
族,семья; племя,ゾク,―,244,4
軽,лёгкий,ケイ,かる-い,245,2
銀,серебро,ギン,しろがね (в худ. Литературе),246,4
転,катиться; падать; переходить во что-нибудь,テン,ころ-がる・ころ-がす・ころ-ぶ,247,4
堂,зал,ドウ,―,248,4
夏,лето,カ,なつ,249,4
建,строить,ケン・コン,た-てる・た-つ,250,4
究,исследовать,キュウ,きわ-める,251,4
弱,слабый,ジャク,よわ-い・よわ-る・よわ-める,252,2
研,точить; изучать,ケン,と-ぐ,253,4
験,испытывать; проверять; опыт,ケン,ため-す ・ため-し,254,4
姉,старшая сестра,シ,あね,255,4
写,копировать,シャ,うつ-す・うつ-る,256,4
犬,собака,ケン,いぬ,257,4
寒,холодный,カン,さむ-い,258,3
飯,еда; варёный рис,ハン,めし,259,4
医,доктор,イ,―,260,4
森,лес,シン,もり,261,2
習,учиться,シュウ,なら-う,262,4
低,низкий,テイ,ひく-い,263,2
映,отражаться,エイ,うつ-る・うつ-す,264,4
英,Англия; талант,エイ,―,265,4
冬,зима,トウ,ふゆ,266,4
短,короткий; недостаток,タン,みじか-い,267,2
妹,младшая сестра,マイ,いもうと,268,4
牛,корова,ギュウ,うし,269,4
便,удобство; почта; выделения,ベン・ビン,たよ-り,270,3
試,испытание,シ,ためす,271,4
昼,день (дневное время),チュウ,ひる,272,4
薬,лекарство,ヤク,くすり,273,3
借,брать взаймы,シャク,か-りる,274,4
池,пруд; водоем,チ,いけ,275,2
洗,мыть; стирать,セン,あら-う,276,3
区,район,ク,―,277,2
曜,день недели,ヨウ,―,278,4
漢,китай,カン,―,279,4
勉,стараться,ベン,つと-める,280,4
暑,жаркий; горячий,ショ,あつ-い,281,1
貸,одалживать,タイ,か-す,282,4
県,префектура,ケン,―,283,2
菜,овощи; зелень; закуска,サイ,な,284,2
彼,он; тот,ヒ,かれ,285,3
的,цель; суффикс для образования прилагательных,テキ,まと,286,4
無,ничего; без,ム・ブ,な-い,287,2
居,проживать; находиться,キョ,い-る・お-る,288,3
様,вид; положение,ヨウ,さま,289,3
御,уважительный префикс,ゴ・ギョ,お-・おん-・み-,290,3
身,тело,シン,み,291,3
実,реальность,ジツ,み・みの-る,292,3
然,так; суффикс признака,ゼン・ネン,しか-し,293,3
感,чувство,カン,かん-じる,294,3
第,префикс перед числами; указывающий на порядковый номер,ダイ,―,295,1
面,лицо; поверхность; грань; сторона,メン,おもて・おも・つら,296,3
当,этот; данный; правильный; выполнять обязанности,トウ,あ-たる・あ-てる,297,3
君,ты,クン,きみ,298,3
成,становиться; образовывать; расти; результат,セイ,な-る,299,3
取,брать,シュ,と-る,300,3
向,направление,コウ,む-く・む-ける・む-かう・む-こう ,301,3
部,часть; отдел; отделение; экземпляр,ブ・へ,―,302,3
神,ками,シン・ジン,かみ,303,3
内,внутри,ナイ・ダイ,うち,304,3
相,взаимный,ソウ・ショウ,―,305,3
葉,лист; листва,ヨウ,は,306,3
全,целый,ゼン,すべ-て・まった-く,307,3
現,появляться; реальность; нынешний,ゲン,あらわ-れる・あらわ-す,308,3
平,плоский; ровный; обычный; простой,ヘイ,たいら・ひら,309,3
笑,смех; улыбка,ショウ,わらう・えむ,310,3
得,получать; понимать; прибыль,トク,え-る・う-る,311,3
美,прекрасный; красивый,ビ,うつく-しい,312,3
次,следующий,シ・ジ,つ-ぎ・つ-ぐ,313,3
夫,муж,フ・フウ,おっと,314,3
対,противоположный,タイ,―,315,3
情,чувства; обстоятельства,ジョウ,なさ-け,316,3
表,выражать; поверхность; таблица,ヒョウ,おもて・あらわ-す,317,3
落,падать; посёлок; юмор,ラク,お-ちる・お-とす,318,3
性,пол; характер; натура,セイ・ショウ,―,319,3
最,самый,サイ,もっと-も,320,3
馬,лошадь,バ,うま,321,3
等,равный; класс; разряд; суффикс множественного числа,トウ・ラ,ひと-しい・など,322,3
形,форма; образ,ケイ・ギョウ,かたち・かた,323,3
変,изменяться; странный; происшествие; несчастный случай,ヘン,か-わる・か-える,324,3
込,переполненный; вкладывать; включать,―,こ-む・こ-める,325,3
信,доверие; сигнал; сообщение,シン,―,326,3
初,первый; начало,ショ,はじ-め・はつ,327,3
論,теория; рассуждать,ロン,―,328,3
記,записывать,キ,しる-す,329,3
直,прямой; исправлять; лечить; поправляться; сразу же; скоро,チョク・ジキ,なお-す・なお-る,330,3
法,закон; метод; религия; мат. операции,ホウ,―,331,3
達,достигать; доставлять; суффикс множественного числа,タツ・タチ,たっ-する,332,3
活,живой; активный,カツ,ー,333,3
結,узел; соединять; формировать,ケツ,むす-ぶ・ゆ-う,334,1
点,точка; место; пункт,テン,つ-ける・つ-く,335,3
流,течение,リュウ,なが-れる・なが-す,336,3
和,гармония; Япония; смягчаться; смягчать,ワ,ー,337,3
若,молодой,ジャク,わか-い,338,3
違,отличаться; ошибаться,イ,ちが-う,339,3
底,дно,テイ,そこ,340,2
想,мысль; представлять,ソウ,おも-う,341,3
返,возвращать; ответ,ヘン,かえ-す・かえ-す,342,3
愛,любовь; любимый; дорогой; бедный; жалкий ,アイ,いと-しい,343,3
原,луг,ゲン,はら,344,3
他,другой,タ,ほか,345,3
処,распоряжаться; наказание; место,ショ,ところ,346,3
置,класть,チ,お-く,347,3
化,изменяться; превращаться,カ・ケ,ば-ける,348,3
命,жизнь; приказ,メイ・ミョウ,いのち,349,3
数,цифра; число,スウ,かず・かぞ-える,350,3
関,застава; барьер; иметь отношение,カン,かか-わる・せき,351,3
付,присоединять,フ,つ-ける・つ-く,352,3
解,развязывать; разбирать; понимать; разгадывать; расторгать,カイ,と-く・と-ける,353,3
石,камень,セキ,いし,354,3
常,обычный; постоянный,ジョウ,つね,355,3
要,быть нужным; требоваться; важный; суть,ヨウ,い-る・かなめ,356,3
苦,страдать,ク,くる-しい・にが-い,357,3
定,определять,テイ・ジョウ,さだ-める・さだ-まる,358,3
過,превышать; проходить мимо; проводить время; совершить ошибку; ошибка,カ,す-ぎる・す-ごす・あやま-ち,359,3
戸,дверь,コ,と,360,2
飛,летать,ヒ,とぶ,361,3
助,помощь,ジョ,たす-ける・たす-かる,362,3
庫,хранилище; склад,コ,くら,363,2
在,быть; существовать,ザイ,あ-る,364,3
供,предоставлять,キョウ・ク,とも・そな-える,365,3
申,говорить; докладывать,シン,もう-す,366,3
兵,солдат,ヘイ,つわもの (в классической литературе),367,2
機,механизм; момент; состояние человека,キ,ー,368,3
深,глубокий; углубляться; углублять,シン,ふか-い・ふか-まる・ふか-める,369,3
草,трава,ソウ,くさ,370,3
決,решать,ケツ,き-める・き-まる,371,3
張,натягивать,チョウ,は-る,372,1
戦,война; сражение,セン,たたか-う・いくさ,373,3
覚,помнить; чувство; ощущение; просыпаться,カク,おぼ-える・さ-ます・さ-める,374,3
呼,звать,コ,よ-ぶ,375,3
由,причина,ユウ・ユ,よし,376,3
必,неизбежный; обязательный,ヒツ,かなら-ず,377,3
打,ударять,ダ,う-つ,378,3
利,прибыль; выгода; острый,リ,き-く,379,3
連,связь; вытягиваться цепью; ставить в ряд; брать с собой,レン,つ-れる・つら-なる,380,3
余,излишек; слишком; оставаться в излишке,ヨ,あま-る・あま-り,381,3
調,тон; выяснять; расследовать ,チョウ,しら-べる,382,3
皆,все; всё,カイ,みな・みんな,383,3
突,ударять; неожиданно,トツ,つ-く,384,3
可,одобрять; возможный,カ,―,385,3
根,корень,コン,ね,386,2
術,искусство; умение,ジュツ,ー,387,3
老,старость,ロウ,お-いる・ふ-ける,388,3
治,управлять; лечить,チ・ジ,おさ-める・なお-す,389,3
受,принимать; подвергаться,ジュ,う-ける,390,3
念,мысль,ネン,―,391,3
島,остров,トウ,しま,392,2
種,семя; биол. вид,シュ,たね,393,3
公,общественный,コウ・ク,おおやけ,394,4
座,сидеть; место для сидения,ザ,すわ-る,395,3
残,остаток,ザン,のこ-る・のこ-す・のこ-り,396,3
殺,убить,サツ,ころ-す,397,3
船,корабль,セン,ふね・ふな,398,3
恐,страх; бояться; страшный; бояться ,キョウ,おそ-れる・おそ-ろしい・こわ-い・ こわ-がる,399,3
経,управлять; проходить,ケイ・キョウ,へ-る・た-つ,400,3
観,вид; осматривать; взгляд,カン,み-る,401,3
番,номер; сторож; пара (самец и самка),バン,つが-い,402,3
存,существовать; сохраняться; знать; быть знакомым ,ソン・ゾン,ぞん-じる,403,3
師,учитель; военный; суф. профессии,シ,―,404,3
伝,передавать; передаваться ,デン,つた-わる・つた-える,405,3
式,церемония; стиль; формула,シキ,―,406,3
寄,приближаться; подходить,キ,よ-る,407,3
果,плод; выполнять; осуществлять; заканчиваться; конец; край,カ,は-たす・は-てる・は-て,408,3
程,мера; степень; расстояние; распорядок,テイ,ほど,409,3
両,оба,リョウ,―,410,3
横,горизонтальный; бок,オウ,よこ,411,3
識,сознание; знание,シキ,―,412,3
反,против; анти-; изгибаться ,ハン・タン,そ-る,413,3
娘,дочь; девушка ,ジョウ,むすめ,414,3
議,обсуждение; предложение,ギ,―,415,3
軍,армия,グン,―,416,2
能,способность; действие; эффект,ノウ,よく,417,3
失,терять; убыток; ошибка,シツ,うしな-う,418,3
路,дорога; путь,ロ,じ,419,3
寝,ложиться спать,シン,ね-る,420,3
非,не; плохой; неправильный,ヒ,―,421,3
告,сообщать,コク,つ-げる,422,3
細,мелкий; подробный; тонкий; узкий; сужаться,サイ,こま-かい・ほそ-い・ほそ-る,423,2
共,вместе,キョウ,とも,424,3
酒,алкоголь; сакэ,シュ,さけ,425,3
婦,дама; замужняя женщина ,フ,―,426,3
加,добавлять; прилагать; присоединяться; прибавляться,カ,くわ-える・くわ-わる,427,3
際,край,サイ,きわ,428,3
息,дыхание,ソク,いき,429,3
指,палец; указывать,シ,ゆび・さ-す,430,3
武,военный; военное дело,ブ・ム,―,431,2
判,личная печать; судить о чем-либо; разбираться,ハン・バン,はん-じる・わか-る,432,3
支,филиал; подпирать; поддерживать; застревать; стопориться,シ,ささ-える・つか-える,433,3
客,гость; клиент; посетитель,キャク・カク,―,434,3
片,один из двух; листок; клочок; уладить; разобраться,ヘン,かた,435,2
良,хороший,リョウ,よ-い・い-い,436,3
例,пример,レイ,たと-える,437,3
雪,снег,セツ,ゆき,438,3
望,желание; надежда,ボウ,のぞ-む,439,3
王,правитель,オウ,―,440,3
位,ранг; чин; звание,イ,くらい,441,3
難,трудный; тяжелый;　невозможный,ナン,むずか-しい・かた-い,442,3
政,политика,セイ,ー,443,3
芸,искусство; мастерство; талант,ゲイ,―,444,2
胸,грудь; сердце; душа,キョウ,むね,445,2
故,обстоятельства,コ・ク,ゆえ,446,1
勢,сила; мощь; энергия; ход событий,セイ・ゼイ,いきお-い,447,2
準,стандарт; полу,ジュン,―,448,2
配,распределять,ハイ,くば-る,449,3
階,этаж; ступень; уровень,カイ,―,450,2
幸,счастье,コウ,しあわ-せ・さいわ-い・さち,451,3
役,роль; обязанности,ヤク・エキ,―,452,3
絶,прекращаться; абсолютный,ゼツ,た-える・た-やす・た-つ,453,3
巻,свиток; том; книга; свертывать; скручивать; заводить часы,カン・ケン,ま-き・ま-く,454,2
渡,переправляться; переходить через; переправлять; передавать,ト,わた-る・わた-す,455,3
段,ступень; стадия,ダン,―,456,3
勝,побеждать; превосходить,ショウ,か-つ・まさ-る,457,3
角,угол,カク,かど,458,2
消,гасить; тушить; исчезать,ショウ,き-える・け-す,459,3
制,контроль; ограничивать; система; строй,セイ,せい-する,460,3
奥,глубь,オウ,おく,461,2
夢,сон; мечта,ム,ゆめ,462,3
背,сзади; спина; рост; противоречить,ハイ,せ・せい・そむ-く,463,3
追,преследовать; следовать; прогонять,ツイ,お-う,464,3
波,волна,ハ,なみ,465,2
続,продолжаться,ゾク,つづ-く,466,3
極,крайняя степень; полюса,ゴク・キョク,きわ-まる・きわ-める,467,2
守,защищать,シュ,まも-る,468,3
悲,печальный,ヒ,かな-しい・かな-しむ,469,3
線,линия,セン,―,470,2
限,предел; ограничивать,ゲン,かぎ-る・かぎ-り,471,3
放,отпускать,ホウ,はな-す・はな-つ・はな-れる・ほう-る,472,3
寺,буддийский храм,ジ,てら,473,2
蔵,кладовая; склад,ゾウ,くら・ぞう-する,474,2
精,жизненная энергия,セイ・ショウ,―,475,3
断,отрезать; прерывать; утверждение; заключение,ダン,た-つ・ことわ-る,476,3
格,разряд; ранг; положение,カク,―,477,3
押,надавить,オウ,お-す・お-さえる,478,3
容,вмещать; принимать; форма; вид,ヨウ,―,479,3
類,сорт; сходство,ルイ,たぐい,480,3
与,давать; предоставлять; участвовать,ヨ,あた-える,481,3
静,тихий; спокойный,セイ,しず-か,482,3
鳴,звучать; чирикать; щебетать; мычать и т. д.,メイ,な-く・な-る,483,3
宿,гостиница; оставаться на ночь,シュク,やど・やど-る,484,3
折,сгибать; ломать; ломаться; быть сломанным,セツ,お-れる・お-る,485,3
遊,играть; развлекаться; путешествовать,ユウ,あそ-ぶ・あそ-ばす,486,3
浮,плавать; плавающий; нестабильный,フ,う-く・う-かべる,487,3
久,долгий; продолжительный,キュウ,ひさ-しい,488,2
庭,сад; двор,テイ,にわ,489,3
妻,жена,サイ,つま,490,3
史,история,シ,―,491,2
忘,забывать,ボウ,わす-れる,492,3
造,изготовлять,ゾウ,つく-る,493,2
降,спускаться; выходить из транспорта; спускать; выпадать; идти (о дожде етк),コウ・ゴ,お-りる・ふ-る・お-ろす,494,3
泣,плакать,キュウ,な-く,495,1
談,разговор; беседа; рассказ,ダン,―,496,3
側,сторона,ソク,かわ・がわ・そば,497,3
科,Отделение; факультет; курс,カ,―,498,3
舞,танец,ブ,まい・ま-う,499,3
像,изображение,ゾウ,―,500,2
交,пересекаться; общаться; обмениваться; быть смешанным; смешивать,コウ,まじ-わる・まじ-える・ま-ざる・ ま-ぜる ,501,3
頼,просить; поручать; полагаться,ライ,たの-む・たよ-る,502,3
異,отличаться,イ,こと,503,1
越,пересекать,エツ,こ-す・こ-える,504,3
谷,долина; ущелье,コク,たに,505,2
志,намерение,シ,こころざし・こころざ-す,506,1
号,номер; знак,ゴウ,―,507,3
熱,горячий; температура,ネツ,あつ-い,508,3
象,слон; явление; объект,ショウ・ゾウ,かたど-る,509,2
確,определённый; достоверный,カク,たし-か・たし-かめる,510,3
係,главный,ケイ,かかり・かか-る・かか-わる,511,3
似,похожий,ジ,に-る,512,3
血,кровь,ケツ,ち,513,2
参,участвовать; приходить; идти; посетить,サン,まい-る,514,3
組,команда,ソ,く-み・く-む,515,3
逃,убежать; сбежать,トウ,に-げる・に-がす,516,3
清,чистый,セイ・ショウ,きよい・きよ-まる・きよ-める,517,2
吹,дуть,スイ,ふ-く,518,3
満,полный,マン,み-ちる・み-たす,519,3
件,дело; происшествие,ケン,―,520,3
諸,различные; многие; все,ショ,―,521,2
腹,живот,フク,はら・(お)なか,522,3
抜,вытаскивать; удалять; выниматься; выпадать; допускать промах; опускать,バツ・ハツ・ハイ,ぬ-く・ぬ-ける・ ぬ-かる・ぬ-かす,523,3
許,разрешать,キョ,ゆる-す,524,3
城,замок; крепость,ジョウ,しろ,525,2
河,река,カ,かわ,526,2
晩,вечер; поздний,バン,―,527,3
将,генерал; вот-вот; почти что,ショウ,―,528,2
雑,всякого рода; смешивать; быть смешанным,ザツ・ゾウ,ま-じる,529,3
昔,прошлое; в старину,セキ,むかし,530,3
示,указывать на что-либо; показывать,ジ・シ,しめ-す,531,3
窓,окно,ソウ,まど,532,3
独,один; в одиночку; Германия,ドク,ひと-り,533,1
困,затруднение,コン,こま-る,534,3
雲,облако,ウン,くも,535,2
喜,радоваться,キ,よろこ-ぶ,536,3
期,период времени,キ・ゴ,―,537,3
官,чиновник; государственная служба,カン,―,538,3
更,обновлять,コウ,ー,539,3
暮,сумерки; конец дня; кончаться; смеркаться; жить; существовать; существование,ボ,く-らす・く-らし・くれ,540,3
並,средний; обычный; ставить в ряд; стоять в ряд; ряд; линия,ヘイ,な-み・なら-べる・なら-ぶ,541,2
抱,обхватывать; обнимать; держать на руках; держать в услужении,ホウ,だ-く・いだ-く・かか-える,542,3
曲,мелодия; сгибать; искривлять; сгибаться; искривляться,キョク,ま-げる・ま-がる,543,3
冷,холодный,レイ,つめ-たい・ひ-える・さ-める,544,3
単,простой; отдельный; единичный,タン,―,545,3
状,форма; положение; состояние; вид; послание,ジョウ,―,546,3
痛,боль,ツウ,いた-い・いた-み,547,3
薄,тонкий; бледный; слабый; разбавлять; уменьшаться,ハク,うす-い・うす-める・,548,2
橋,мост,キョウ,はし,549,2
裏,изнанка; оборотная сторона,リ,うら,550,2
求,требовать; искать,キュウ,もと-める,551,3
差,разница ,サ,—,552,3
保,сохранять; поддерживать; заботиться; ручаться,ホ,たも-つ,553,1
具,принадлежности; орудие; оборудовать чем-либо ,グ,そな-える,554,3
破,ломать; разрушать; преодолевать,ハ,やぶ-る・やぶ-れる,555,3
労,труд,ロウ,—,556,3
改,менять; переделывать,カイ,あらた-める・あらた-もる,557,2
散,разбрасывать; разбрасывать как попало; быть разбросанным; рассыпаться; осыпаться,サン,ち-らす・ち-らかす・ち-らかる・ち-る,558,3
末,конец; окончание,マツ・バツ,すえ,559,3
構,конструкция,コウ,かま-える・かま-う,560,3
途,путь,ト,―,561,3
米,рис,ベイ・マイ,こめ,562,3
岸,берег,ガン,きし,563,2
辺,окрестности; берег; граница,ヘン,あた-り,564,2
劇,театр; драма; пьеса; яростный; страстный,ゲキ,はげ-しい,565,2
緒,начало; шнур; тесьма; струна ,ショ,お,566,3
景,вид; пейзаж; состояние,ケイ,―,567,3
絵,картина,エ・カイ,―,568,3
刻,гравировать; время,コク,きざ-む,569,3
条,статья; параграф; пункт; линия,ジョウ,―,570,1
疑,сомневаться; подозревать,ギ,うたが-う,571,3
負,отрицательный; проигрывать; побеждать; нести на спине,フ,ま-ける・お-う,572,3
認,признавать; одобрять; разрешать,ニン,みと-める,573,3
殿,дворец; барин; господин,デン,との,574,2
丸,круг,ガン,まる・まる-い,575,2
案,план; идея,アン,―,576,1
応,реагировать; отвечать,オー,こたえる,577,1
評,оценка; критика; обсуждение,ヒョウ,―,578,1
腰,поясница,ヨウ,こし,579,2
商,торговать,ショウ,あきな-う,580,3
毛,волосы; шерсть,モウ,け,581,2
争,спор; борьба,ソウ,あらそ-う,582,3
未,пока еще не...; никогда еще,ミ,ま-だ・いま-だ,583,3
羽,перья; перо; крылья; сч. суф. птиц и кроликов,ウ,は・はね・~わ,584,2
恋,любовь; любимый; возлюбленный,レン,こい・こい-しい,585,2
髪,волосы (на голове),ハツ,かみ,586,3
伸,растягиваться,シン,の-びる・の-ばす,587,2
探,искать; разведывать,タン,さが-す・さぐ-る,588,3
玉,драгоценный камень; шар; мяч,ギョク,たま,589,2
介,посредничать,カイ,―,590,2
察,инспектировать; предполагать; догадка; сочувствие,サツ,さっ-する・さっ-し,591,3
比,сравнивать,ヒ,くら-べる,592,2
版,издание; выпуск; печать,ハン,―,593,2
歳,возраст; год,サイ,とし,594,3
煙,дым,エン,けむり・けむ-る・けむ-い,595,3
快,приятный; прекрасный,カイ,こころよ-い,596,2
福,удача; счастье,フク,―,597,3
団,объединение; группа,ダン・トン,―,598,2
優,превосходный; изящный; актёр,ユウ,やさ-しい・すぐ-れる,599,3
衣,одеяние,イ,ころも,600,2
叫,кричать,キョウ,さけ-ぶ,601,2
礼,поклон; вежливость; благодарность; церемония,レイ,―,602,3
岩,скала; горная порода,ガン,いわ,603,2
器,сосуд; инструмент; способности,キ,うつわ,604,1
願,просить; желать,ガン,ねが-う・ねが-い,605,3
昨,прошлый (о времени),サク,―,606,3
腕,рука (от плеча до кисти); умение,ワン,うで,607,2
投,бросать,トウ,な-げる,608,3
歴,биография; последовательно,レキ,―,609,2
候,климат; симптом,コウ,—,610,3
予,заранее,ヨ,あらかじ-め,611,3
再,Повторно,サイ・サ,ふたた-び,612,2
報,сообщение; известие; отплачивать,ホウ,むく-いる,613,3
筆,кисть,ヒツ,ふで,614,2
倒,падать; валиться,トウ,たお-れる・たお-す,615,3
眠,спать,ミン,ねむ-る・ねむ-い,616,3
留,останавливать; задерживать,リュウ,と-める・と-まる・とど-める,617,3
退,отступать,タイ,しりぞ-く・しりぞ-ける,618,3
演,выступать,エン,―,619,3
永,вечный,エイ,なが-い,620,2
州,провинция; мель,シュウ・ス,す,621,2
個,индивидуальный,コ・カ,―,622,2
約,сокращать; приблизительно; обещание,ヤク,―,623,3
囲,окружать,イ,かこ-む,624,2
床,постель; пол,ショウ,とこ・ゆか,625,2
罪,преступление; вина; кара,ザイ,つみ,626,3
仏,Будда,ブツ・フツ,ほとけ,627,2
坂,холм,ハン,さか,628,2
職,должность; профессия,ショク,―,629,3
育,растить; воспитывать,イク,そだ-つ・そだ-てる,630,3
骨,кость,コツ,ほね,631,2
仲,отношения; посредник,チュウ,なか,632,2
涙,слезы,ルイ,なみだ,633,2
済,окончиться; уплачивать; помогать,サイ,す-む,634,3
焼,жарить,ショウ,や-く,635,2
徒,последователь; ученик; группа людей; человек; напрасный,ト,いたずら,636,3
節,сустав; узел; мотив; отрезок времени; экономить,セツ,ー,637,1
枝,ветвь,シ,えだ,638,2
肩,плечо,ケン,かた,639,2
乱,беспорядок; злоупотребление,ラン,みだ-れる・みだ-す,640,2
陽,солнце; ян,ヨウ,―,641,3
善,добро; правильный,ゼン,よい,642,1
鼻,нос,ビ,はな,643,2
富,богатство,フ,と-み・と-む,644,3
警,полиция; предостерегать,ケイ,ー,645,3
香,аромат,コウ,かお-り,646,2
壁,стена,ヘキ,かべ,647,1
任,поручать; доверять; назначать,ニン,まか-せる,648,3
戻,возвращать,レイ,もど-る・もど-す,649,3
給,зарплата; снабжать,キュウ,―,650,3
怒,сердиться; гнев,ド,おこ-る・いか-り,651,3
星,звезда; небесное тело; мишень,セイ,ほし,652,2
周,окружность,シュウ,まわり,653,2
権,права; власть,ケン・ゴン,―,654,3
接,соединять; соприкасаться,セツ,つ-ぐ,655,2
竹,бамбук,チク,たけ,656,2
価,цена; ценность,カ,あたい,657,1
鉄,железо,テツ,ー,658,2
照,светить; сопоставлять; прицеливание,ショウ,て-る・て-らす,659,2
黄,жёлтый,コウ・オウ,き,660,2
登,взбираться,トウ・ト,のぼ-る,661,3
紅,алый,コウ・ク,べに・くれない,662,2
務,долг; обязанности; дела,ム,つと-める,663,3
板,доска; плита,ハン・バン,いた,664,2
局,офис,キョク,―,665,3
坊,мальчик; монах; суффикс лица,ボウ・ボッ,ー,666,0
布,ткань,フ,ぬの,667,2
祖,предок; основатель,ソ,―,668,3
毒,яд,ドク,―,669,2
帯,пояс; лента; носить при себе,タイ,おび・お-びる,670,2
婚,брак,コン,―,671,3
児,дитя,ジ・ニ,こ,672,2
刷,печатать,サツ,す-る,673,2
束,связка; пучок,ソク,たば,674,3
怖,страшный,フ,こわ-い,675,3
園,сад,エン,その,676,3
移,перемещаться; меняться,イ,うつ-る・うつ-す,677,2
普,обычный; всеобщий,フ,あまね-く,678,2
易,лёгкий; торговля; гадание,エキ・イ,やさ-しい ・やす-い ,679,3
境,граница; обстоятельства; состояние,キョウ,さかい,680,2
湯,горячая вода,トウ,ゆ,681,2
因,причина,イン,よ-る,682,3
枚,счётное слово для плоских предметов,マイ,―,683,2
積,нагромождать; оценка,セキ,つ-む,684,3
仮,временный; ненастоящий; предполагаемый,カ,かり,685,1
修,учиться; чинить,シュー,おさめる,686,1
章,глава (например; книги); значок; эмблема,ショウ,―,687,2
訪,посещать,ホウ,おとず-れる・たず-ねる,688,3
純,беспримесный; чистый,ジュン,じゅん-な,689,2
才,талант,サイ,―,690,3
荒,бурный; грубый; заброшенный,コウ,あら-い・あ-れる,691,2
欲,желание; жадность,ヨク,ほ-しい,692,3
印,знак; печать,イン,しるし,693,2
晴,ясная погода,セイ,は-れる・は-れ,694,3
沈,тонуть; погружаться,チン,しず-む・しず-める,695,2
払,платить; чистить; усилительный суффикс,フツ,はら-う,696,3
危,опасный,キ,あぶ-ない・あや-うい,697,3
固,твёрдый,コ,かた-い,698,2
尊,почитать; уважать,ソン,とうと-い,699,2
席,место для сидения; помещение; посещение,セキ,―,700,3
軒,край крыши; дом,ケン,のき,701,2
割,делить; разделять; уступать; соотношение величин,カツ,わり・わ-る・わ-れる ,702,3
捨,выбрасывать,シャ,す-てる,703,2
府,префектура; правительство,フ,―,704,2
皮,кожа,ヒ,かわ,705,2
群,группа; толпа,グン,むれ・む-れる,706,2
備,запасать; оборудовать; готовиться,ビ,そな-える,707,3
述,высказывать,ジュツ,の-べる,708,2
著,автор; примечательный,チョ,あらわ-す・いちじる-しい,709,2
令,приказ; вежливый префикс; указывающий на родство,レイ,―,710,2
装,наряд; упаковка; снаряжать,ソウ,よそお-う,711,2
速,быстрый,ソク,はや-い,712,3
迷,заблудиться; замешательство,メイ,まよ-う,713,3
選,выбирать,セン,えら-ぶ,714,3
値,величина; цена,チ,ね・あたい,715,3
各,каждый,カク,おのおの,716,2
灯,лампа; свет,トウ,—,717,2
温,тёплый; температура,オン,あたた-かい,718,2
技,навык,ギ,わざ,719,2
包,обёртывать; заворачивать,ホウ,つつ-む,720,2
承,соглашаться; слушать; наследовать,ショウ,うけたまわ-る・う-ける,721,2
資,средства; ресурсы; капитал,シ,―,722,3
亡,покойный; смерть,ボウ,ない・な-くす・な-くなる,723,3
勇,храбрость,ユウ,いさむ,724,2
増,увеличивать(ся); прибавлять(ся);,ゾウ ,ふ-える・ふ-やす ,725,3
互,взаимный ,ゴ,たが-い,726,3
傾,наклон; наклоняться; быть склонным; наклонять; склонять,ケイ ,かたむ-く・かたむ-ける,727,2
否,нет; отрицать,ヒ,いな・いや ,728,3
詰,набивать; упакованный; забита,キツ,つ-まる ・つ-む ,729,2
吸,сосать; курить; высасывать,キュウ,す-う,730,3
領,Территория ,リョウ,—,731,2
列,ряд,レツ,—,732,3
般,категория; род; вид; обычный ,ハン,—,733,2
量,количество; вес; объём; измерять,リョウ,はか-る,734,2
頂,вершина; пик; брать; получать; есть; пить,チョウ ,いただ-く・いただ-き,735,3
農,сельское хозяйство,ノウ,―,736,2
虫,насекомое,チュウ,むし,737,2
触,трогать; прикасаться; задевать; упоминать; распускать слухи,ショク,さわ-る・ふ-れる,738,2
復,восстановление; снова; возвращаться к чему-л; возвращать себе,フク,ー,739,2
完,совершенный; безупречный; завершение,カン,―,740,3
害,вред,ガイ,―,741,3
層,слой; пласт; прослойка,ソウ,,742,2
杯,чарка; чашка для сакэ; рюмка; сч. суффикс для выпитых рюмок ,ハイ,さかずき,743,3
到,прибытие,トウ,いたる,744,3
輪,колесо; круг; кольцо,リン,わ,745,2
荷,ноша; груз; багаж,カ,に,746,2
刺,колоть,シ,さ-す・さ-さる,747,2
迎,выходить на встречу; встречать; принимать у себя,ゲイ,むか-える,748,3
箱,коробка,ー,はこ,749,3
浅,мелкий,セン,あさ-い,750,2
貧,бедный; нуждающийся; скудный ,ヒン・ビン,まず-しい,751,3
暴,насилие; бушевать; буянить; раскрывать; разоблачать,ボウ,あば-れる,752,2
総,общий; все; всё; полностью; управлять; объединять,ソウ,すべ-て ,753,2
敬,уважать,ケイ・キョウ,うやま-う,754,2
閉,закрывать,ヘイ,と-じる・し-める,755,3
埋,зарывать; хоронить; быть зарытым; быть засыпанным,マイ ,う-める・う-まる,756,2
捕,ловить; схватить; арестовать; быть пойманным; быть охваченным,ホ,と-らえる・つか-まえる・と-らわれる・つか-まる・と-る,757,3
批,criticism,,,758,1
逆,наоборот; противоположность; идти против,ギャク,さから-う・さか-さ,759,2
臣,подданный,シン・ジン,―,760,2
級,уровень; ранг,キュウ,―,761,1
宅,Дом,タク,—,762,3
泉,родник,セン,いずみ,763,2
祭,фестиваль,サイ,まつ-り,764,2
了,конец; понимать,リョウ,―,765,2
依,зависеть от чего-л; прибегать к чему-л ,イ・エ,よ-る,766,2
恥,стыд,チ,はじ・は-じる・は-ずかしい ,767,3
珍,редкостный; необычный; диковинный,チン,めずら-しい ,768,2
隅,внутренний угол,グウ,すみ,769,2
植,сажать; сеять,ショク,う-える,770,2
基,foundation,,,771,1
健,здоровый,,,772,1
震,дрожать; трястись; землетрясение,シン,ふる-える,773,2
棒,палка; дубинка; шест; черта; линия,ボウ,—,774,2
額,сумма; количество; картина в раме; лоб,ガク,ひたい,775,2
砂,песок,サ,すな,776,2
展,expand,,,777,1
疲,уставать,ヒ,つか-れる,778,3
翌,следующий (день; месяц; год),ヨク,—,779,2
猫,кошка,ビョウ,ねこ,780,3
豊,обильный; богатый,ホウ,ゆた-か,781,2
犯,преступник; нарушать; совершать преступление,ハン,おか-す,782,3
被,подвергаться; надевать на голову; быть облитым; заслонять,ヒ,こうむ-る・かぶ-る・おお-う ,783,2
油,масло,ユ,あぶら,784,2
講,лекция ,コウ,—,785,2
順,согласие,ジュン ,—,786,2
憎,ненавидеть; ненавистный; противный; ненависть,ゾウ,にく-む・にく-い・にく-らしい・にく-しみ,787,2
辞,отставка; слово; речь; обращение; уходить в отставку,ジ,や-める,788,3
混,смешивать; подмешивать; быть смешанным,コン,ま-ぜる・ま-じる・ま-ざる,789,2
欠,недостача; зевота; не хватать; недоставать; нуждаться,ケツ,か-ける・か-く,790,3
姓,фамилия ,セイ,—,791,2
泊,ночевать; оставаться на ночь; оставлять на ночь; сч. суф. ночевок,ハク,と-まる・と-める,792,2
減,уменьшаться; стираться; уменьшать ,ゲン,へ-る・へ-らす,793,2
召,вызывать; звать; посылать за кем-л ,ショウ,め-す,794,2
袋,Мешок ,タイ,ふくろ,795,2
型,модель; форма,ケイ,かた,796,2
誌,журнал; запись; описание,シ,—,797,2
燃,гореть; пылать; зажигать,ネン,も-える・も-やす,798,2
舟,лодка,シュウ,ふね・ふな,799,2
陸,земля; суша,リク,—,800,2
救,спасение,キュウ,すく-う,801,1
誤,ошибка; промах; ошибаться; вводить в заблуждение,ゴ,あやま-り・あやま-る,802,3
勤,исполнять обязанности; служить; исполнять роль; годиться; справляться,キン ,つと-める・つと-まる,803,3
製,изготовлять; сделано в... ,セイ,—,804,1
険,крутой; опасный,ケン,けわ-しい,805,3
糸,нить,シ,いと,806,2
検,проверять; расследовать,ケン,しら-べる,807,1
希,надежда; редкий,キ,―,808,2
省,министерство; рефлексия; всматриваться в себя; исключать; сокращать ,セイ・ショウ,かえり-みる ・はぶ-く ,809,2
敗,неудача,ハイ,やぶ-れる,810,3
旧,старое; прошлое,キュウ,―,811,2
畳,Татами,ジョウ,たたみ・たた-む,812,2
責,ответственность; упрекать,セキ,せ-める,813,3
耕,земледение,コウ,たがや-す,814,2
司,управлять; ведать,シ,―,815,1
慣,привыкать; приучать,カン,な-れる・な-らす,816,3
編,вязать; составлять,ヘン,あ-む,817,2
査,проверять; расследовать,サ,—,818,2
党,политическая партия,トウ,—,819,2
除,устранять; убирать; исключать ,ジョ,のぞ-く,820,3
踊,танцевать; плясать; танец,ヨウ ,おど-る・おど-り,821,2
咲,цвести,ショウ,さく,822,2
設,учреждать; устраивать; оборудовать; иметь ребёнка ,セツ,もう-ける,823,2
歯,зуб,シ,は,824,3
机,стол; парта ,キ,つくえ,825,2
浴,купаться,ヨク,あ-びる,826,2
簡,простота,カン,―,827,2
適,надлежащий; соответствовать; подходить,テキ,かな-う,828,3
看,watch over,,,829,1
録,запись ,ロク,,830,2
費,расходы,ヒ,つい-やす,831,3
栄,расцвет; величие; процветать; блистать; сверкать,エイ,さか-える・は-える,832,2
延,растягивать; продлевать; простираться; тянуться; отсрочка платежа,エン,の-ばす ・の-びる,833,2
球,шар,キュウ,たま,834,3
甘,сладкий,カン,あま-い・あま-やかす,835,2
収,доход; получать; собирать; сжимать,シュウ,おさ-める,836,3
宝,сокровище,ホウ ,たから,837,2
泥,грязь; слякоть ,デイ,どろ,838,2
帽,головной убор; шляпа ,ボウ,—,839,2
辛,острый; горький; солёный; тяжёлый,シン ,から-い・つら-い,840,2
材,материал ,ザイ,—,841,2
詞,Слово,シ,ことば,842,2
規,Правило,キ,—,843,3
拝,поклоняться; молиться,イ,おが-む,844,2
換,обменивать; обмениваться; конвертироваться,カン,か-える ・か-わる,845,2
律,ритм; закон; правило,リツ,りっ-する,846,2
革,кожа; шкура; кожура; кора,カク,かわ,847,2
盗,красть; воровать; кража; воровство,トウ,ぬすむ,848,3
圧,давление; давить; сжимать ,アツ,—,849,2
努,стараться; прилагать усилия,ド,つと-める,850,3
導,вести; направлять; руководить ,ドウ,みちび-く,851,2
童,ребёнок,ドウ,―,852,2
宇,вселенная; мир; космос ,ウ,,853,2
柱,столб,チュウ,はしら,854,2
含,содержать ,ガン,ふく-む,855,2
防,предотвращать; обороняться; защищаться ,ボウ,ふせ-ぐ,856,2
算,считать,サン,―,857,2
操,maneuver,,,858,1
遅,поздний; медленный,チ,おく-れる,859,3
則,правила,ソク,―,860,2
畑,поле,―,はたけ・はた,861,3
干,сухой,カン,ほ-す,862,2
濃,густой; крепкий; темный,ノウ,こ-い,863,2
乳,молоко; грудь; вымя ,ニュウ,ちち・ち,864,2
財,финансы,ザイ,—,865,3
幼,младенец; младенческий; детский; незрелый ,ヨウ,おさな-い,866,2
練,тренироваться; практика,レン,ねる,867,2
専,специальный; исключительно,セン,もっぱ-ら,868,2
偶,время от времени; нечасто,グウ,たま,869,3
停,останавливаться,テイ,と-まる,870,2
届,заявлять; уведомлять; доставлять,カイ,とど-ける,871,2
鋭,острый,エイ,するど-い,872,2
授,даровать; обучать,ジュ,さずける,873,1
築,строить; сооружать,チク,きず-く,874,2
針,игла; шип; колючка; стрелка,シン,はり,875,2
略,сокращение; аббревиатура,リャク,ー,876,2
封,запечатывать; запечатывание,フウ・ホウ,ふう-じる,877,2
康,мир,,,878,1
汚,грязный,オ,けが-す・よご-す・きたな-い,879,2
狭,cramped,,,880,1
孫,внук,ソン,まご,881,2
緑,зелёный,リョク,みどり,882,2
厚,толстый (о книгах); добрый; сердечный,コウ,あつ-い,883,2
標,указатель,,,884,1
靴,обувь; ботинки,カ,くつ,885,3
拾,подбирать; находить,シュウ,ひろ-う,886,2
汗,пот ,カン ,あせ,887,2
粉,мука,フン,こ・こな,888,2
貨,Монета; деньги; товары,カ,—,889,2
械,хитроумное изобретение,カイ,—,890,2
悩,страдать; мучаться; мучительный,ノウ,なや-む・なや-ましい,891,2
卒,выпускаться,ソツ,—,892,2
祈,молитва; молиться,キ,いの-る・いの-り,893,2
占,гадать ,セン,し-める・うらな-う ,894,2
営,бизнес; дело; заниматься бизнесом; управлять,エイ,いとな-み・いとな-む,895,2
札,ярлык; бирка,サツ,ふだ,896,2
恵,favor,,,897,1
管,труба,カン,くだ,898,2
氷,лёд,ヒョウ,こおり,899,2
乾,сухой; сохнуть; сушить; осушать,カン・ケン,かわ-く・かわ-かす,900,2
偉,великий; выдающийся; замечательный; сильный,イ,えら-い,901,3
禁,запрет,キン,—,902,2
祝,праздновать; поздравлять,シュク,いわ-う,903,2
効,эффект,コウ,きく,904,2
巨,гигантский,キョ,―,905,2
湖,озеро,コ,みずうみ,906,2
較,contrast,カク・コウ,くら-べる,907,1
率,показатель ,ソツ・リツ,ひき-いる,908,1
整,приводить в порядок,セイ,ととのえる・ととのう,909,1
柔,мягкий; нежный,ジュウ,やわ-らかい,910,2
灰,пепел,カイ,はい,911,2
塔,башня ,トウ,—,912,2
賞,награда,ショウ,ほ-める,913,2
枯,засыхать; вянуть ,コ,か-れる,914,2
招,приглашать; звать; навлекать,ショウ,まね-く,915,3
麦,зерновые,バク,むぎ,916,2
塗,намазывать; красить,ト,ぬ-る・まみ-れる,917,2
塩,соль,エン,しお,918,2
超,сверх-; превышать; превосходить,チョウ,こ-える・こ-す,919,2
損,убыток; портить; ранить ,ソン ,そこ-なう・そこ-ねる,920,2
掘,копать; рыть; бурить,クツ,ほ-る,921,2
爆,взрыв,バク,は-ぜる,922,2
央,центр,オウ,―,923,2
脳,Мозг,ノウ,—,924,2
課,раздел,カ,—,925,2
暖,warmth,,,926,1
協,сотрудничество,キョウ,—,927,2
肌,кожа; голое тело,キ,はだ,928,2
倍,Двойной,バイ,―,929,2
忙,занятой,ボウ,いそが-しい,930,3
宙,SKY,,,931,1
匹,сч. суф. для мелких животных,ヒツ,ひき,932,2
替,обмен,タイ,か-える,933,2
賢,мудрость; умный; мудрый ,ケン,かしこ-い,934,2
臓,внутренности; кишечник; кишка; кишки; потроха,ゾウ,―,935,2
季,сезон,キ,—,936,2
測,измерять; мерить; взвешивать ,ソク,はか-る,937,2
符,ярлык; знак; талон; билет; метка; амулет,フ,—,938,2
委,поручать; доверять,イ,ゆだ-ねる,939,2
紹,знакомить; представлять,ショウ,—,940,2
捜,искать; разыскивать,ソウ,さが-す,941,2
補,восполнять; пополнять; возмещать; компенсировать ,ホ ,おぎな-う,942,2
競,состязаться; соперничать,キョウ,きそ-う,943,2
拡,Расширять,,,944,1
複,двойной; сложный,フク,—,945,2
担,нести (на плече); иметь во главе; подшутить; нести обязанности ,タン,かつ-ぐ・にな-う,946,2
曇,пасмурный; быть пасмурным; облачность ,ドン,くも-る・くも-り,947,2
双,пара; оба ,ソウ,ふた,948,2
採,добывать; брать ,サイ,と-る,949,2
涼,прохладный; свежий; наслаждаться прохладой ,リョウ,すず-しい・すず-む,950,2
港,порт; гавань,コウ,みなと,951,3
炭,уголь,タン,すみ,952,2
皿,тарелка,ベイ,さら,953,2
環,ring,,,954,1
磨,шлифовать; полировать; чистить (зубы) ,マ,みが-く,955,2
漁,рыбачить,ギョ・リョウ,あさ-る,956,2
訓,наставление; поучение; японское чтение иероглифа,クン,—,957,2
菓,сладости ,カ,—,958,2
綿,хлопок; вата ,メン,わた,959,2
掃,sweep,,,960,2
冊,том; книга,サツ,―,961,2
昇,повышение; взбираться; получать повышение,ショウ,のぼ-る,962,2
預,депозит; отдавать на хранение; брать на хранение,ヨ,あず-ける・あず-かる,963,2
税,налог; пошлина ,ゼイ ,—,964,2
幅,ширина ,フク,はば,965,2
刊,издание; выпуск,カン,—,966,2
域,район; пределы; границы; стадия; уровень ,イキ,—,967,2
銅,медь,ドウ,ー,968,2
筒,труба; муфта,トウ,つつ,969,2
絡,зацепляться; обвиваться; цепляться; обвивать,ラク ,から-む・から-まる・から-める,970,2
署,контора; полицейский участок; подпись,しょ,—,971,2
畜,скотина; домашние животные ,チク,ー,972,2
賃,fare,チン・ジン・ニン,やと-う,973,1
伺,осведомляться; посещать; навещать ,シ,うかが-う,974,2
泳,плавать,エイ,およぐ,975,3
貝,ракушка,バイ,かい,976,2
欧,Европа,オウ,ー,977,2
蒸,варить на пару; быть душным; становиться затхлым; преть,ジョウ,む-す・む-らす・む-れる,978,2
肯,соглашаться; уступать,コウ,ー,979,2
齢,возраст,レイ,とし,980,2
賛,Одобрять;  хвалить; помогать,サン,たた-える,981,3
況,положение,キョウ,―,982,2
鈍,Тусклый; медленный; тупой,ドン,にぶ-い・にぶ-る,983,2
喫,Есть; поглощать; дымить; пить,キツ,の-む,984,2
航,Управлять; парус; полет,コウ,ー,985,2
贈,Подарок; посылать; дарить; присуждать,ソウ・ゾウ,おく-る,986,2
膚,Кожа; тело; зерно; текстура; расположение,フ,はば,987,2
粒,Злаки; капли; счетный суффикс для мелких частиц,リュウ,つぶ,988,2
均,Уровень; среднее число,キン,なら-す,989,2
卵,Яйцо; икра,ラン,たまご,990,2
療,Исцелять; лечить,リョウ,ー,991,2
凍,Замерзший; застывший,トウ,こお-る・こご-える・し-みる,992,2
雇,Нанимать,コ,やと-う,993,2
滴,Капля,テキ,したた-る・しずく,994,2
液,Жидкость; сок; выделения,エキ,ー,995,2
輸,Транспорт; посылать,ユ・シュ,ー,996,2
績,Разрабатывать,セキ,ー,997,2
郵,Почта; почтовая остановка,ユウ,ー,998,2
溶,Растворять; растапливать,ヨウ,と-ける・と-かす・と-く,999,2
湿,Влажный; мокрый; сырой,シツ・シュウ,しめ-る・しめ-らす,1000,2
胃,желудок,イ,ー,1001,2
硬,Жесткий; твердый,コウ,かた-い,1002,2
庁,Правительственный служба,チョウ・テイ,ー,1003,2
脂,Жир; канифоль; деготь,シ,あぶら,1004,2
副,вице-,フク,ー,1005,2
秒,секунда,ビョウ,―,1006,2
貯,экономить; хранить,チョ,た-める・たくわ-える,1007,2
郊,Окраина; пригород; сельская местность,コウ,ー,1008,2
挟,между,チョウ・ショウ,はさ-む・はさ-める・わきばさ-む・さしはさ-む,1009,2
鉱,Минерал; руда,コウ,あらがね,1010,2
沸,Бурлить; кипеть,フツ,わ-く・わ-かす,1011,2
湾,Залив; бухта,ワン,いりえ,1012,2
零,Ноль; пролить; излишек,レイ,こぼす・こぼれる・ぜろ,1013,2
濯,Мыть; полоскать,タク,すす-ぐ・ゆす-ぐ,1014,2
軟,мягкий,ナン,やわ-らか・やわ-らかい,1015,2
億,сто миллионов,オク,ー,1016,2
募,Вербовать; набирать,ボ,つの-る,1017,2
兆,триллион; предзнаменование; признак,チョウ,きざ-し・きざ-す,1018,2
燥,иссушать,ソウ,ー,1019,2
券,Билет,ケン,ー,1020,2
駐,Проживать; постоялец,チュウ,ー,1021,2
販,Маркетинг; продажа,ハン,ー,1022,2
貿,Торговля; обмен,ボウ,ー,1023,2
僕,я (исп. мальчиками и юношами),ボク,―,1024,1
郎,молодой мужчина,ロー,―,1025,1
眼,глаза,ガン,まなこ,1026,1
士,воин; благородный муж,シ,―,1027,1
吉,удача,キチ・キツ,―,1028,1
我,эго; я,ガ,われ,1029,1
義,справедливость; долг; честь; принцип; смысл,ギ,―,1030,1
如,подобно; усилительный суффикс,ジョ・ニョ,ー,1031,1
氏,род; фамилия,シ,うじ,1032,1
誰,кто,―,だれ,1033,0
頃,время,―,ころ,1034,0
又,опять,―,また,1035,1
姿,облик,シ,すがた,1036,1
振,трясти,シン,ふる,1037,1
松,сосна,ショー,まつ,1038,1
俺,я (исп. мужчинами),―,おれ,1039,0
貴,ценный; знатный,キ,とうとい・たっとい,1040,1
井,колодец,セイ,い,1041,1
宮,дворец; храм; принц; принцесса,キュー・グー,みや,1042,1
影,тень; силуэт,エイ,かげ,1043,1
衛,защита,エイ,―,1044,1
態,состояние,タイ,―,1045,1
離,отделяться; расставаться,リ,はなれる,1046,1
掛,вешать; усилительный суффикс; суффикс незаконченности,カイ・ケイ,か-かる・か-かり・か-ける・か-け,1047,3
素,хим. элемент; основа; простой; усилительный префикс,ソ・ス,―,1048,1
敷,стелить,フ,しく,1049,1
江,бухта,コー,え,1050,1
藤,глициния,トー,ふじ,1051,1
幾,сколько; как,キ,ー,1052,3
驚,удивляться,キョー,おどろく,1053,1
那,что; употребляется фонетически,ナ,―,1054,1
為,делать,イ,―,1055,1
昭,сиять,ショー,―,1056,1
奴,парень; слуга,ド,やつ,1057,1
怪,подозрительный; загадочный,カイ,あやしい,1058,1
至,наиболее,シ,いたる,1059,1
房,камера; помещение,ボー,ふさ,1060,1
詩,стих,シ,―,1061,1
従,следовать; подчиняться,ジュー,したがう,1062,1
里,деревня; родной город,リ,さと,1063,0
妙,таинственный; чудесный; странный,ミョー,―,1064,1
傍,сбоку; наблюдатель,ボー,かたわら,1065,1
己,сам,コ・キ,おのれ,1066,1
沢,болото; обилие,タク,さわ,1067,1
徳,нравственность; добродетель,トク,―,1068,1
黙,молчать,モク,だまる,1069,1
派,группа; секта; школа; командировка,ハ,―,1070,1
興,развлечение; возрождать; процветать,コー・キョー,おこる,1071,1
端,конец; край; начало; прямой,タン,はし・はた・は,1072,1
往,движение; минувший,オー,―,1073,1
博,эрудиция; азартная игра,ハク・バク,―,1074,1
縁,узы; связь; родство,エン,ふち,1075,1
附,вариант знака 付,フ,つける,1076,1
敵,враг,テキ,(かたき),1077,1
訳,перевод; причина,ヤク,わけ,1078,1
視,смотреть; зрение,シ,―,1079,1
及,достигать; упоминать,キュー,およぶ,1080,1
隠,прятать,イン,かくす,1081,1
仰,смотреть вверх,ギョー,あおぐ・おおせ,1082,1
魔,демон; волшебство,マ,―,1083,1
句,фраза,ク,―,1084,1
雄,самец; величественный,ユー,おす,1085,1
微,мелкий; микро; тонкий,ビ,―,1086,1
宗,религия; предок,シュー・ソー,―,1087,1
衆,массы; народ,シュー,―,1088,1
尾,хвост,ビ,お,1089,1
眺,смотреть,チョー,ながめる,1090,1
源,исток,ゲン,みなもと,1091,1
鹿,олень,―,しか・(か),1092,1
丁,лист; чётный,テイ・チョー,―,1093,1
佐,старший офицер,サ,―,1094,1
嫌,не любить,ケン,いや・きらう,1095,1
刀,катана,トー,かたな,1096,1
証,свидетельство; документ,ショー,―,1097,1
奇,необыкновенный; странный,キ,―,1098,1
致,навлекать; завлекать,チ,いたす,1099,1
密,секретный; плотный; подобный,ミツ,―,1100,1
響,эхо,キョー,ひびく,1101,1
弁,речь; различать; платить; лепесток; клапан,ベン,―,1102,1
矢,стрела,シ,や,1103,1
隊,отряд,タイ,―,1104,1
街,улица,ガイ,まち,1105,1
是,именно так; политика; правильность,ゼ,―,1106,1
描,рисовать,ビョー,えがく・かく,1107,1
唯,только; единственный,ユイ,―,1108,1
丈,крепкий; здоровый; высота,ジョウ,たけ,1109,3
即,немедленно,ソク,―,1110,1
倉,склад,ソー,くら,1111,1
岡,холм,―,おか,1112,1
勧,советовать; побуждать; поощрять,カン,すすめる,1113,1
養,разводить; выращивать; растить; питание,ヨー,やしなう,1114,1
籠,корзина; сидеть взаперти,ロー,かご・こもる,1115,0
駄,скверный; вьюк,ダ,―,1116,1
護,охранять; защищать,ゴ,―,1117,1
盛,процветать; накладывать,セイ,もる・さかる,1118,1
寸,сун (3.03 см); малый,スン,―,1119,1
踏,ступать,トー,ふむ,1120,1
露,роса; на открытом воздухе; Россия,ロ,つゆ,1121,1
狂,сумасшедший,キョー,くるう,1122,1
織,ткать,ショク,おる,1123,1
郷,родина; деревня,キョー・ゴー,―,1124,1
甲,панцирь; броня,コー,―,1125,1
僧,буддийский монах,ソー,―,1126,1
儀,церемония; манеры,ギ,―,1127,1
樹,деревья,ジュ,―,1128,1
婆,старуха,バ,―,1129,1
津,гавань,シン,つ,1130,1
撃,нападать; стрелять,ゲキ,うつ,1131,1
統,управлять; объединять,トー,すべる,1132,1
玄,непостижимый; неочищенный,ゲン,―,1133,1
騒,шуметь; суетиться,ソー,さわぐ,1134,1
秘,секрет; тайна,ヒ,ひめる,1135,1
傷,рана,ショー,きず・いたむ,1136,1
輩,товарищ,ハイ,―,1137,1
激,яростный,ゲキ,はげしい,1138,1
旦,новый день,タン,―,1139,1
柄,узор; рукоятка; телосложение,ヘイ,がら・え,1140,1
酔,пьяный,スイ,よう,1141,1
銭,деньги; монета,セン,ぜに,1142,1
皇,император,コー,―,1143,1
筋,мускул; смысл; сюжет,キン,すじ,1144,1
隣,соседний,リン,となり・となる,1145,1
鏡,зеркало,キョー,かがみ,1146,1
遣,отправлять; посылать,ケン,つかわす,1147,1
舎,здание,シャ,―,1148,1
霊,дух,レイ,たま,1149,1
呉,давать,ゴ,―,1150,1
瞬,миг; мгновение,シュン,またたく,1151,1
聴,слушать,チョー,きく,1152,1
甚,чрезвычайно,ジン,はなはだ,1153,1
哲,philosophy,,,1154,1
殊,particularly,,,1155,1
就,concerning,,,1156,1
跡,След; пятно; отпечаток,セキ,あと,1157,2
崎,мыс,―,さき,1158,1
尋,разыскивать,ジン,たずねる,1159,1
挙,поднимать,,,1160,1
凡,mediocre,,,1161,1
脱,раздеваться; уклоняться,ダツ,ぬぐ,1162,1
提,propose,,,1163,1
滅,гибнуть; разрушаться; неразумный,メツ,ほろびる,1164,1
芝,turf,,,1165,1
秀,превосходить,シュー,ひいでる,1166,1
随,follow,,,1167,1
屈,yield,,,1168,1
幕,curtain,,,1169,1
既,previously,,,1170,1
俗,vulgar,,,1171,1
奉,observance,,,1172,1
姫,принцесса; девушка,―,ひめ,1173,1
剣,меч,ケン,つるぎ,1174,1
紀,летопись,,,1175,1
握,схватывать; держать,アク,にぎる,1176,1
浪,wandering,,,1177,1
陰,shade,,,1178,1
伏,prostrated,,,1179,1
惑,растерянность; очарование,ワク,まどう,1180,1
穴,дыра,ケツ,あな,1181,1
魂,soul,,,1182,1
忠,loyalty,,,1183,1
迫,наседать,ハク,せまる,1184,1
遺,bequeath,,,1185,1
弾,играть на муз. инструменте; упругость; пуля; снаряд; осуждать,ダン,ひく・はずむ・たま,1186,1
懸,suspend,,,1187,1
懐,pocket,,,1188,1
叔,uncle,,,1189,1
帝,sovereign,,,1190,1
射,стрелять; излучать,シャ,いる,1191,1
染,окрашивать,セン,そめる・しみる,1192,1
麗,восхитительный; прекрасный; изящный,レイ,うるわしい,1193,1
柳,willow,,,1194,1
膝,knee,,,1195,0
華,цветок; великолепие,カ,はな,1196,1
忍,endure,,,1197,1
憶,память,オク,―,1198,1
厳,strict,,,1199,1
納,settlement,,,1200,1
頬,щека,―,ほお,1201,0
伯,chief,,,1202,1
邪,злой; дурной,ジャ,―,1203,1
闇,тьма; чёрный рынок,―,やみ,1204,2
哀,pathetic,,,1205,1
鬼,о́ни,キ,おに,1206,1
寂,loneliness,,,1207,1
梅,абрикос,,,1208,1
称,appellation,,,1209,1
威,intimidate,,,1210,1
聖,holy,,,1211,1
趣,gist,,,1212,1
脚,leg,,,1213,1
充,наполнять; заполнять,ジュー,あてる,1214,1
伴,consort,,,1215,1
堪,withstand,,,1216,1
嬢,lass,,,1217,1
杉,криптомерия,―,すぎ,1218,1
斎,purification,,,1219,1
陣,camp,,,1220,1
慮,prudence,,,1221,1
遂,consummate,,,1222,1
益,benefit,,,1223,1
尽,exhaust,,,1224,1
概,outline,,,1225,1
暫,temporarily,,,1226,1
推,infer,,,1227,1
呂,ванна; звучание,ロ,―,1228,1
汽,пар,キ,―,1229,1
卓,eminent,,,1230,1
拠,foothold,,,1231,1
障,hurt,,,1232,1
吐,тошнить,ト,はく,1233,1
却,instead,,,1234,1
惜,pity,,,1235,1
仙,hermit,,,1236,1
執,tenacious,,,1237,1
模,imitation,,,1238,1
戯,frolic,,,1239,1
繰,winding,,,1240,1
揺,трястись; качаться,ヨー,ゆれる,1241,1
扉,дверь,ヒ,とびら,1242,1
併,join,,,1243,1
浜,seacoast,,,1244,1
竜,дракон,リュー,たつ,1245,1
創,create,,,1246,1
墓,grave,,,1247,1
虚,void,,,1248,1
椅,chair,,,1249,0
功,достижение,,,1250,1
闘,борьба; состязание,トー,たたかう,1251,1
鶴,crane,,,1252,1
瀬,rapids,,,1253,1
亭,pavilion,,,1254,1
侍,waiter,,,1255,1
慢,ridicule,,,1256,1
載,ride,,,1257,1
廊,коридор,ロー,―,1258,1
尚,ещё; почитать,ショー,―,1259,1
飾,decorate,,,1260,1
宜,best regards,,,1261,1
輝,radiance,,,1262,1
襲,атаковать,シュー,おそう,1263,1
賀,congratulations,,,1264,1
勘,intuition,,,1265,1
愚,foolish,,,1266,1
悟,enlightenment,,,1267,1
刑,punish,,,1268,1
帳,книга для записей,チョー,―,1269,1
駆,мчаться; прогонять; ехать верхом,ク,かける,1270,1
袖,sleeve,,,1271,0
俳,actor,,,1272,1
尺,мера длины; сяку,シャク,―,1273,1
裕,обильный,ユー,―,1274,1
揚,hoist,,,1275,1
釈,explanation,,,1276,1
斬,kill by slicing,,,1277,0
烈,ardent,,,1278,1
舌,язык,ゼツ,した,1279,1
熊,bear,,,1280,1
菊,chrysanthemum,,,1281,1
添,annexed,,,1282,1
弥,all the more,,,1283,1
羅,gauze,,,1284,1
唇,губы,シン,くちびる,1285,1
覧,perusal,,,1286,1
誘,entice,,,1287,1
策,scheme,,,1288,1
避,evade,,,1289,1
釣,angling,,,1290,1
兼,одновременно; совмещать,ケン,かねる,1291,1
丹,cinnabar,,,1292,1
鮮,fresh,,,1293,1
摩,chafe,,,1294,1
麻,конопля; паралич,マ,あさ,1295,1
桜,сакура,オー,さくら,1296,1
嫁,marry into,,,1297,1
旗,государственный флаг,,,1298,1
寧,rather,,,1299,1
垂,droop,,,1300,1
扱,handle,,,1301,1
蛇,snake,,,1302,1
抵,resist,,,1303,1
潜,submerge,,,1304,1
獄,prison,,,1305,1
唐,T'ang,,,1306,0
巡,patrol,,,1307,1
澄,lucidity,,,1308,1
免,освобождать; прощать; увольнять,メン,まぬかれる,1309,1
潮,tide,,,1310,1
枕,pillow,,,1311,0
透,transparent,,,1312,1
紫,purple,,,1313,1
阪,Рост; склон,ハン,さか,1314,3
鉢,bowl,,,1315,1
乏,scarce,,,1316,1
癖,mannerism,,,1317,1
序,preface,,,1318,1
奪,rob,,,1319,1
沙,песок,サ・シャ,―,1320,1
眉,eyebrow,,,1321,1
抗,confront,,,1322,1
謝,извиняться; благодарить,シャ,あやまる,1323,1
属,belong,,,1324,1
誠,sincerity,,,1325,1
繁,luxuriant,,,1326,1
遇,interview,,,1327,1
巧,adroit,,,1328,1
尻,ягодицы,―,しり,1329,0
綱,hawser,,,1330,1
幽,seclude,,,1331,1
隆,hump,,,1332,1
愉,pleasure,,,1333,1
壇,podium,,,1334,1
裁,judge,,,1335,1
監,надзор,カン,―,1336,1
奈,what,,,1337,1
討,chastise,,,1338,1
牧,порода,,,1339,1
豆,бобы,トー,まめ,1340,1
乞,beg,,,1341,0
裂,рвать,レツ,さく,1342,1
挨,push open,,,1343,0
拶,be imminent,,,1344,0
砲,cannon,,,1345,1
典,церемония,,,1346,1
琴,кото; музыкальный инструмент,キン,こと,1347,1
系,система; родословная,ケイ,―,1348,1
鈴,small bell,,,1349,1
茂,overgrown,,,1350,1
拭,wipe,,,1351,0
卑,lowly,,,1352,1
臭,stinking,,,1353,1
範,pattern,,,1354,1
垣,hedge,,,1355,1
奮,stirred up,,,1356,1
貫,pierce,,,1357,1
帆,sail,,,1358,1
獣,животное; зверь,ジュー,けもの,1359,1
霧,fog,,,1360,1
閣,tall,,,1361,1
膳,tray,,,1362,0
嘆,sigh,,,1363,1
駒,horse,,,1364,1
唱,мелодия,,,1365,1
崩,crumble,,,1366,1
猿,monkey,,,1367,1
憂,melancholy,,,1368,1
浦,bay,,,1369,1
匠,artisan,,,1370,1
攻,нападать; атаковать; изучать,コー,せめる,1371,1
衝,collide,,,1372,1
匂,scent,,,1373,0
暇,spare time,,,1374,1
宣,proclaim,,,1375,1
堅,strict,,,1376,1
濁,voiced,,,1377,1
曹,cadet,,,1378,1
貞,upright,,,1379,1
徴,indications,,,1380,1
孔,cavity,,,1381,1
躍,leap,,,1382,1
棚,shelf,,,1383,1
締,tighten,,,1384,1
壊,разрушать,カイ,こわす,1385,1
叱,—,,,1386,0
棄,abandon,,,1387,1
豪,overpowering,,,1388,1
艦,военный корабль,カン,―,1389,1
涯,horizon,,,1390,1
縦,vertical,,,1391,1
縮,shrink,,,1392,1
悔,repent,,,1393,1
邸,residence,,,1394,1
凝,congeal,,,1395,1
俊,genius,,,1396,1
滑,slippery,,,1397,1
紋,family crest,,,1398,1
幻,phantasm,,,1399,1
恩,grace,,,1400,1
凄,uncanny,,,1401,0
誇,boast,,,1402,1
淡,thin,,,1403,1
稽,consider,,,1404,0
漸,steadily,,,1405,1
訴,sue,,,1406,1
郡,округ,,,1407,1
徹,penetrate,,,1408,1
翁,venerable old man,,,1409,1
逸,deviate,,,1410,1
唄,songs with samisen,,,1411,1
丘,hill,,,1412,1
猛,fierce,,,1413,1
熟,ripen,,,1414,1
爵,baron,,,1415,1
稿,draft,,,1416,1
笛,свист; флейта,テキ,ふえ,1417,1
焦,char,,,1418,1
裸,naked,,,1419,1
堀,ditch,,,1420,1
孤,orphan,,,1421,1
銃,ружьё,ジュー,―,1422,1
藩,clan,,,1423,1
偵,spy,,,1424,1
呪,проклятие,ジュ,のろう,1425,0
慰,consolation,,,1426,1
敏,cleverness,,,1427,1
葬,interment,,,1428,1
鼓,drum,,,1429,1
恨,rancor,,,1430,1
惨,wretched,,,1431,1
骸,dead remains,,,1432,0
須,by all means,,,1433,1
壮,молодой; энергичный; величественный,ソー,―,1434,1
仁,kindness,,,1435,1
憤,aroused,,,1436,1
荘,villa,,,1437,1
酷,cruel,,,1438,1
僅,a wee bit,,,1439,0
腐,rot,,,1440,1
顧,look back,,,1441,1
寛,tolerant,,,1442,1
稲,rice plant,,,1443,1
隙,fissure,,,1444,0
据,set,,,1445,1
拘,arrest,,,1446,1
継,inherit,,,1447,1
肥,fertilizer,,,1448,1
抑,repress,,,1449,1
彩,coloring,,,1450,1
斜,diagonal,,,1451,1
閑,leisure,,,1452,1
寿,longevity,,,1453,0
煮,boil,,,1454,1
炎,пламя; воспаление,エン,ほのお,1455,1
虎,tiger,,,1456,1
審,examine,,,1457,1
岳,point,,,1458,1
請,solicit,,,1459,1
慈,mercy,,,1460,1
沼,marsh,,,1461,1
賊,burglar,,,1462,1
拙,bungling,,,1463,1
蓋,cover,,,1464,0
孝,сыновний долг,コー,―,1465,1
掌,manipulate,,,1466,1
湧,boil,,,1467,1
窮,hard up,,,1468,1
偽,falsehood,,,1469,1
胆,gall bladder,,,1470,1
悠,неторопливо,ユー,―,1471,1
悦,ecstasy,,,1472,1
鶏,chicken,,,1473,1
桃,peach tree,,,1474,1
歓,delight,,,1475,1
督,coach,,,1476,1
弓,лук (оружие),キュー,ゆみ,1477,1
隔,isolate,,,1478,1
雷,thunder,,,1479,1
鐘,bell,,,1480,1
彫,carve,,,1481,1
揮,brandish,,,1482,1
瓦,tile,,,1483,0
災,disaster,,,1484,1
戒,commandment,,,1485,1
絹,silk,,,1486,1
醜,ugly,,,1487,1
臨,lookover,,,1488,1
劣,inferiority,,,1489,1
陥,collapse,,,1490,1
喉,throat,,,1491,0
喚,кричать; звать,カン,―,1492,1
廃,abolish,ハイ,すた-る・すた-れる,1493,1
拍,clap,,,1494,1
巣,гнездо,,,1495,1
猶,furthermore,,,1496,1
穂,колос,スイ,ほ,1497,1
宛,allocate,,,1498,0
奏,play music,,,1499,1
衰,decline,,,1500,1
網,netting,,,1501,1
妖,волшебный,ヨウ,あやしい,1502,0
睡,drowsy,,,1503,1
襟,collar,,,1504,1
貌,appearance,,,1505,0
盤,tray,,,1506,1
催,sponsor,,,1507,1
紳,sire,,,1508,1
塚,hillock,,,1509,1
緊,tense,,,1510,1
縫,sew,,,1511,1
覆,capsize,,,1512,1
侯,marquis,,,1513,1
裾,cuff,,,1514,0
旨,delicious,,,1515,1
某,so-and-so,,,1516,1
鬱,gloom,,,1517,0
跳,прыгать,チョー,はねる・とぶ,1518,1
詳,detailed,,,1519,1
鎌,sickle,,,1520,1
粋,chic,,,1521,1
飽,sated,,,1522,1
縛,truss,,,1523,1
脇,aside,,,1524,0
顕,appear,,,1525,1
企,plan,,,1526,1
謀,conspire,,,1527,1
蹴,kick,,,1528,0
戴,be crowned with,,,1529,0
誉,reputation,,,1530,1
没,drown,,,1531,1
盾,shield,,,1532,1
粗,coarse,,,1533,1
崖,cliff,,,1534,0
潔,undefiled,,,1535,1
炉,hearth,,,1536,1
遍,everywhere,,,1537,1
羊,овца,ヨー,ひつじ,1538,1
硝,nitrate,,,1539,1
冗,superfluous,,,1540,1
芳,perfume,,,1541,1
敢,daring,,,1542,1
爪,claw,,,1543,0
珠,pearl,,たま,1544,1
亜,суб-; под- (обычно имеет отношение к биологии; химии или географии),ア,―,1545,1
峰,summit,,,1546,1
洞,den,,,1547,1
距,long-distance,,,1548,1
尉,military officer,,,1549,1
縄,straw rope,,,1550,1
脈,вены,,,1551,1
騎,equestrian,,,1552,1
渉,ford,,,1553,1
翼,wing,,,1554,1
瞳,зрачок,ドー,ひとみ,1555,1
矛,алебарда,ム,ほこ,1556,1
滝,waterfall,,,1557,1
慌,волноваться,―,あわてる,1558,0
施,carry out,,,1559,1
冠,crown,,,1560,1
紛,distract,,,1561,1
漂,drift,,,1562,1
瓶,Цветочный горшок; бутылка; кувшин,ビン,かめ,1563,2
鍵,key,,,1564,0
控,withdraw,,,1565,1
窟,cavern,,,1566,0
飼,domesticate,,,1567,1
陳,exhibit,,,1568,1
宵,wee hours,,,1569,1
維,fiber,,,1570,1
沿,run alongside,,,1571,1
抽,pluck,,,1572,1
献,offering,,,1573,1
翻,flip,,,1574,1
墨,black ink,,,1575,1
廷,courts,,,1576,1
忌,mourning,,,1577,1
患,Постичь; испытать,カン,わずら-う,1578,2
蔑,ignore,,,1579,0
餅,mochi rice cake,,,1580,0
亀,turtle,,,1581,1
征,subjugate,,,1582,1
索,cord,,,1583,1
尼,nun,,,1584,1
煩,anxiety,,,1585,1
還,send back,,,1586,1
魅,fascination,,,1587,1
艶,glossy,,,1588,1
泰,peaceful,,,1589,1
朱,vermilion,,,1590,1
盲,blind,,,1591,1
乙,второй; младший,オツ,ー,1592,1
罰,penalty,,,1593,1
巾,тряпка,キン,―,1594,0
傘,umbrella,,,1595,1
辱,embarrass,,,1596,1
扇,fan,,,1597,1
箇,counters for things,,,1598,1
促,stimulate,,,1599,1
頑,stubborn,,,1600,1
艇,rowboat,,,1601,1
痩,get thin,,,1602,0
浄,clean,,,1603,1
剥,—,,,1604,0
芽,бутон,,,1605,1
醒,be disillusioned,,,1606,0
拳,кулак,ケン,こぶし,1607,1
刃,blade,,,1608,1
譲,defer,,,1609,1
且,кроме того,―,かつ,1610,1
峠,mountain peak,,,1611,1
履,footgear,,,1612,1
幹,tree-trunk,,,1613,1
沖,open sea,,,1614,1
渋,astringent,,,1615,1
頓,suddenly,,,1616,0
圏,sphere,,,1617,1
盆,basin,,,1618,1
汁,soup,,,1619,1
誓,vow,,,1620,1
弦,тетива; струна,ゲン,つる,1621,1
獲,seize,,,1622,1
穏,calm,,,1623,1
慶,jubilation,,,1624,1
霜,frost,,,1625,1
鑑,specimen,,,1626,1
疾,rapidly,,,1627,1
痴,stupid,,,1628,1
斉,единообразие; все вместе,セイ,―,1629,1
塀,fence,,,1630,1
鎖,chain,,,1631,1
怨,grudge,,,1632,0
括,fasten,,,1633,1
蜂,bee,,,1634,0
耐,resistant,,,1635,1
汰,luxury,,,1636,1
籍,Зачислять; членство,セキ,ー,1637,2
嘲,ridicule,,,1638,0
頻,repeatedly,,,1639,1
潰,crush,,,1640,0
牲,animal sacrifice,,,1641,1
盟,alliance,,,1642,1
摘,pinch,,,1643,1
倫,ethics,,,1644,1
噴,erupt,,,1645,1
罵,insult,,,1646,0
肝,liver,,,1647,1
冒,risk,,,1648,1
漠,vague,,,1649,1
詮,discussion,,,1650,0
怠,neglect,,,1651,1
啓,disclose,,,1652,1
砕,smash,,,1653,1
胴,trunk,,,1654,1
諦,abandon,,,1655,0
鍋,pot,,,1656,0
漫,cartoon,,,1657,1
柿,persimmon,,,1658,0
股,crotch,,,1659,0
咽,throat,,,1660,0
雅,gracious,,,1661,1
蚊,mosquito,,,1662,1
捉,capture,,,1663,0
浸,immersed,,,1664,1
徐,gradually,,,1665,1
狩,hunt,,,1666,1
鎮,tranquilize,,,1667,1
邦,home country,,,1668,1
挿,insert,,,1669,1
渦,whirlpool,,,1670,1
欄,column,,,1671,1
幣,cash,,,1672,1
携,portable,,,1673,1
楼,watchtower,,,1674,1
憲,constitution,,,1675,1
掲,put up (a notice),,,1676,1
励,encourage,,,1677,1
璃,glassy,,,1678,1
狙,aim at,,,1679,1
詣,visit a temple,,,1680,0
剛,sturdy,,,1681,1
朗,melodious,,,1682,1
陶,pottery,,,1683,1
葛,arrowroot,,,1684,0
診,checkup,,,1685,1
傑,greatness,,,1686,1
脅,threaten,,,1687,1
犠,sacrifice,,,1688,1
厄,unlucky,,,1689,1
宴,banquet,,,1690,1
援,aid,,,1691,1
旋,rotation,,,1692,1
吟,versify,,,1693,1
錯,confused,,,1694,1
宰,superintend,,,1695,1
弄,tamper with,,,1696,0
囚,captured,,,1697,1
崇,adore,,,1698,1
謙,self-effacing,,,1699,1
豚,pork,,,1700,1
塞,obstruct,,,1701,0
晶,sparkle,,,1702,1
銘,inscription,,,1703,1
礎,cornerstone,,,1704,1
架,rack,,,1705,1
粧,cosmetics,,,1706,0
瑠,lapis lazuli,,,1707,1
顎,jaw,,,1708,0
吏,чиновник; должностное лицо,リ,―,1709,1
絞,strangle,,,1710,1
藻,seaweed,,,1711,1
嵐,storm,,,1712,1
愁,distress,,,1713,1
潤,wet,,,1714,1
塊,clod,,,1715,1
岐,branch off,,,1716,1
禅,Zen,,,1717,1
堤,dike,,,1718,1
享,receive,,,1719,1
慕,pining,,,1720,1
痕,mark,,,1721,0
排,repudiate,,,1722,1
撮,snapshot,,,1723,1
臆,timidity,,,1724,0
刈,reap,,,1725,1
欺,deceit,,,1726,1
慎,humility,,,1727,1
妬,jealousy,,,1728,0
嫉,envy,,,1729,0
拒,repel,,,1730,1
殖,augment,,,1731,1
妨,disturb,,,1732,1
酌,bartending,,,1733,1
撲,slap,,,1734,1
暦,calendar,,,1735,1
詠,recitation,,,1736,1
慄,fear,,,1737,0
猟,game-hunting,,,1738,1
緩,slacken,,,1739,1
叙,confer,,,1740,1
稼,earnings,,,1741,1
株,stocks,,,1742,1
侵,encroach,,,1743,1
但,however,,,1744,1
疎,alienate,,,1745,1
溝,gutter,,,1746,1
析,chop,,,1747,1
謡,noh chanting,,,1748,1
堕,degenerate,,,1749,1
侮,scorn,,,1750,1
藍,indigo,,,1751,1
擦,grate,,,1752,1
癒,healing,,,1753,1
貢,tribute,,,1754,1
把,grasp,,,1755,1
恭,respect,,,1756,1
謎,riddle,,,1757,0
蓄,amass,,,1758,1
秩,regularity,,,1759,1
稚,immature,,,1760,1
賭,gamble,,,1761,0
鉛,lead,,,1762,1
僚,colleague,,,1763,1
慨,rue,,,1764,1
泡,bubbles,,,1765,1
滞,stagnate,,,1766,1
鍛,forge,,,1767,1
苛,torment,,,1768,0
懇,sociable,,,1769,1
箸,chopsticks,,,1770,0
契,pledge,,,1771,1
庸,commonplace,,,1772,1
暁,daybreak,,,1773,1
錦,brocade,,,1774,1
伐,fell,,,1775,1
遮,intercept,,,1776,1
穀,cereal,,,1777,1
瞭,clear,,,1778,1
漏,leak,,,1779,1
芋,potato,,,1780,1
薫,fragrant,,,1781,1
酸,acid,,,1782,1
偏,partial,,,1783,1
削,plane,,,1784,1
奔,bustle,,,1785,1
餌,bait,,,1786,0
采,form,,,1787,1
遭,encounter,,,1788,1
釜,kettle,,,1789,0
択,choose,,,1790,1
融,dissolve,,,1791,1
蔽,cover,,,1792,0
羨,envy,,,1793,0
桑,mulberry,,,1794,1
径,диаметр,,,1795,1
雰,atmosphere,,,1796,1
騰,inflation,,,1797,1
刹,temple,,,1798,0
貼,paste,,,1799,0
需,demand,,,1800,1
嗅,smell,,,1801,0
紺,dark blue,,,1802,1
逐,pursue,,,1803,1
斗,ковш; то (18 л),ト,―,1804,1
昧,foolish,,,1805,0
褒,praise,,,1806,1
塾,cram school,,,1807,1
麓,foot of a mountain,,,1808,0
畏,fear,,,1809,0
棟,ridgepole,,,1810,1
牙,tusk,,,1811,0
漬,pickling,,,1812,1
糖,sugar,,,1813,1
妄,delusion,,,1814,1
蛮,barbarian,,,1815,1
糧,provisions,,,1816,1
蜜,honey,,,1817,0
粛,solemn,,,1818,1
朴,crude,,,1819,1
侶,companion,,,1820,0
飢,hungry,,,1821,1
喪,miss,,,1822,1
坪,two-mat area,,,1823,1
升,мера ёмкости,ショー,ます,1824,1
殴,assault,,,1825,1
弧,arc,,,1826,1
虐,tyrannize,,,1827,1
託,consign,,,1828,1
餓,starve,,,1829,1
后,queen,,,1830,1
碑,tombstone,,,1831,1
渓,mountain stream,,,1832,1
唾,saliva,,,1833,0
殻,husk,,,1834,1
俵,straw bag,,,1835,1
項,paragraph,,,1836,1
爽,refreshing,,,1837,1
戚,grieve,,,1838,0
克,overcome,,,1839,1
廉,bargain,,,1840,1
膨,swell,,,1841,1
薪,fuel,,,1842,1
呈,display,,,1843,1
伎,deed,,,1844,1
肺,lung,,,1845,1
禍,calamity,,,1846,1
炊,cook,,,1847,1
腸,кишечник,,,1848,1
棺,coffin,,,1849,1
玩,trifle with,,,1850,0
赦,pardon,,,1851,1
陵,mausoleum,,,1852,1
碁,Go,,,1853,1
憾,remorse,,,1854,1
擁,embrace,,,1855,1
韻,rhyme,,,1856,1
肖,сходство,ショー,―,1857,1
誕,born,,,1858,1
婿,bridegroom,,,1859,1
媒,mediator,,,1860,1
諾,consent,,,1861,1
賜,grant,,,1862,1
扶,aid,,,1863,1
淫,lewdness,,,1864,0
謹,discreet,,,1865,1
隷,slave,,,1866,1
償,reparation,,,1867,1
斑,blemish,,,1868,0
坑,pit,,,1869,1
渇,thirst,,,1870,1
践,tread,,,1871,1
佳,excellent,,,1872,1
錠,lock,,,1873,1
斥,reject,,,1874,1
喝,hoarse,,,1875,1
凶,несчастье; злодей,キョー,―,1876,1
篤,fervent,,,1877,1
髄,marrow,,,1878,1
溺,drown,,,1879,0
胞,placenta,,,1880,1
症,symptoms,,,1881,1
赴,proceed,,,1882,1
諭,rebuke,,,1883,1
旬,10-day period (of the month),,,1884,1
儒,Confucian,,,1885,1
酬,repay,,,1886,1
捻,twist,,,1887,0
梨,pear tree,,,1888,1
苗,seedling,,,1889,1
恒,constancy,,,1890,1
挑,challenge,,,1891,1
畔,paddy-ridge,,,1892,1
憧,desire,,,1893,1
弊,abuse,,,1894,1
柵,fence,,,1895,0
衡,equilibrium,,,1896,1
脊,stature,,,1897,0
貪,covet,,,1898,0
核,nucleus,,,1899,1
班,corps,,,1900,1
隻,только один; счётное слово для судов,セキ,―,1901,2
磁,magnet,,,1902,1
椎,oak,,,1903,1
遷,transition,,,1904,1
朽,decay,,,1905,1
軸,axis,,,1906,1
郭,enclosure,,,1907,1
冶,melting,,,1908,1
拓,clear (the land),,,1909,1
虹,rainbow,,,1910,1
懲,penal,,,1911,1
桟,scaffold,,,1912,1
洪,deluge,,,1913,1
諧,harmony,,,1914,0
摂,vicarious,,,1915,1
寮,dormitory,,,1916,1
訂,revise,,,1917,1
墜,crash,,,1918,1
措,set aside,,,1919,1
羞,feel ashamed,,,1920,0
冥,dark,,,1921,0
披,expose,,,1922,1
胎,womb,,,1923,1
譜,musical score,,,1924,1
凹,concave,,,1925,1
倣,emulate,,,1926,1
雌,feminine,,,1927,1
遜,humble,,,1928,0
陛,majesty,,,1929,1
妥,gentle,,,1930,1
萎,wither,,,1931,0
傲,be proud,,,1932,0
鯨,whale,,,1933,1
剖,divide,,,1934,1
娯,recreation,,,1935,1
棋,chess piece,,,1936,1
擬,mimic,,,1937,1
繕,darning,,,1938,1
妃,queen,,,1939,1
勅,imperial order,,,1940,1
迅,swift,,,1941,1
購,subscription,,,1942,1
錬,tempering,,,1943,1
卸,wholesale,,,1944,1
茎,stalk,,,1945,1
煎,broil,,,1946,0
昆,descendants,,,1947,1
韓,Korea,,,1948,0
嚇,menacing,,,1949,1
峡,gorge,,,1950,1
腫,tumor,,,1951,0
漆,lacquer,,,1952,1
剤,dose,,,1953,1
繊,slender,,,1954,1
寡,widow,,,1955,1
濫,excessive,,,1956,1
庶,commoner,,,1957,1
簿,register,,,1958,1
粘,sticky,,,1959,1
肢,limb,,,1960,1
罷,quit,,,1961,1
惰,lazy,,,1962,1
抄,extract,,,1963,1
閲,review,,,1964,1
租,tariff,,,1965,1
奨,exhort,,,1966,1
曖,not clear,,,1967,0
岬,headland,,,1968,1
舷,gunwale,,,1969,0
肘,elbow,,,1970,0
勃,rise,,,1971,0
累,accumulate,,,1972,1
臼,mortar,,,1973,0
栽,plantation,,,1974,1
缶,Жестяной бидон; контейнер,カン,ー,1975,2
梗,close up,,,1976,0
債,bond,,,1977,1
虜,captive,,,1978,1
軌,rut,,,1979,1
膜,membrane,,,1980,1
窃,stealth,,,1981,1
賦,levy,,,1982,1
毀,destroy,,,1983,0
匿,hide,,,1984,1
搾,squeeze,,,1985,1
穫,harvest,,,1986,1
潟,lagoon,,,1987,1
槽,vat,,,1988,1
喩,metaphor,,,1989,0
枠,frame,,,1990,1
褐,brown,,,1991,1
勲,meritorious deed,,,1992,1
憩,recess,,,1993,1
厘,thousandth,,,1994,1
抹,rub,,,1995,1
祥,auspicious,,,1996,1
剰,surplus,,,1997,1
鋼,steel,,,1998,1
腎,kidney,,,1999,0
淑,graceful,,,2000,1
舗,pavement,,,2001,1
薦,recommend,,,2002,1
睦,harmonious,,,2003,1
詐,lie,,,2004,1
堆,piled high,,,2005,0
阻,thwart,,,2006,1
串,skewer,,,2007,0
蛍,lightning-bug,,,2008,1
培,cultivate,,,2009,1
閥,clique,,,2010,1
逝,departed,,,2011,1
挫,sprain,,,2012,0
覇,hegemony,,,2013,1
弔,condolences,,,2014,1
菌,germ,,,2015,1
蚕,silkworm,,,2016,1
勾,capture,,,2017,0
凸,convex,,,2018,1
搬,conveyor,,,2019,1
墳,tomb,,,2020,1
鋳,casting,,,2021,1
桁,beam,,,2022,0
賓,V.I.P.,,,2023,1
滋,nourishing,,,2024,1
唆,tempt,,,2025,1
殉,martyrdom,,,2026,1
旺,flourishing,,,2027,1
茨,thorn,,,2028,0
嗣,heir,,,2029,1
訟,sue,,,2030,1
詔,imperial edict,,,2031,1
憬,long for,,,2032,0
妊,pregnancy,,,2033,1
帥,commander,,,2034,1
酢,vinegar,,,2035,1
衷,inmost,,,2036,1
娠,with child,,,2037,1
綻,rip,,,2038,0
斤,кин (~600 грамм),キン,―,2039,1
墾,ground-breaking,,,2040,1
票,бюллетень,,,2041,1
舶,liner,,,2042,1
尿,urine,,,2043,1
賄,bribe,,,2044,1
醸,brew,,,2045,1
栓,plug,,,2046,1
緻,fine (not coarse),,,2047,0
硫,sulphur,,,2048,1
緯,horizontal,,,2049,1
撤,remove,,,2050,1
汎,pan-,,,2051,0
拷,torture,,,2052,1
曽,пра; раньше,ソー,―,2053,0
屯,военный лагерь; тонна (сокращение от 噸),トン,―,2054,1
紡,spinning,,,2055,1
肪,obese,,,2056,1
疫,epidemic,,,2057,1
窒,plug up,,,2058,1
丙,third class,,,2059,1
礁,reef,,,2060,1
畝,furrow,,,2061,1
遡,go upstream,,,2062,0
辣,bitter,,,2063,0
逮,apprehend,,,2064,1
惧,dread,,,2065,0
麺,noodles,,,2066,0
媛,princess,,,2067,1
拐,kidnap,,,2068,1
弐,two (falsification prevention),,,2069,1
嫡,legitimate wife,,,2070,1
窯,kiln,,,2071,1
虞,uneasiness,,,2072,1
該,above-stated,,,2073,1
循,sequential,,,2074,1
踪,remains,,,2075,0
倹,frugal,,,2076,1
矯,rectify,,,2077,1
壱,one (Falsification prevention),,,2078,1
俸,salary,,,2079,1
塁,bases,,,2080,1
謁,audience,,,2081,1
枢,hinge,,,2082,1
姻,matrimony,,,2083,1
芯,core,,,2084,0
耗,decrease,,,2085,1
糾,twist,,,2086,1
酎,sake,,,2087,0
拉,crush,,,2088,0
璧,sphere,,,2089,0
悼,lament,,,2090,1
阜,mound,,,2091,0
丼,bowl of food,,,2092,0
痢,diarrhea,,,2093,1
壌,lot,,,2094,1
箋,paper,,,2095,0
繭,cocoon,,,2096,1
沃,fertility,,,2097,0
栃,horse chestnut,,,2098,0
捗,make progress,,,2099,0
埼,cape (geography),,,2100,0
摯,seriousness,,,2101,0
彙,same kind,,,2102,0
泌,ooze,,,2103,1
彰,patent,,,2104,1
氾,spread out,,,2105,0
痘,pox,,,2106,1
恣,selfish,,,2107,0
陪,obeisance,,,2108,1
頒,partition,,,2109,1
畿,capital,,,2110,0
嘱,entrust,,,2111,1
朕,majestic plural,,,2112,1
填,—,,,2113,0
轄,control,,,2114,1
賂,bribe,,,2115,0
逓,relay,,,2116,1
酵,fermentation,,,2117,1
謄,mimeograph,,,2118,1
賠,compensation,,,2119,1
准,quasi-,,,2120,1
遵,abide by,,,2121,1
搭,board,,,2122,1
款,goodwill,,,2123,1
腺,gland,,,2124,0
諮,consult with,,,2125,1
塑,model,,,2126,1
璽,emperor's seal,,,2127,0
楷,square character style,,,2128,0
迭,transfer,,,2129,1
哺,suckle,,,2130,0
訃,obituary,,,2131,0
酪,dairy products,,,2132,1
瘍,boil (medical),,,2133,0
祉,welfare,,,2134,1
劾,censure,,,2135,1
錮,tie up,,,2136,0
丑,,,,,1
丞,,,,,1
乃,,,,,1
之,,,,,1
也,,,,,1
亘,,,,,1
亥,,,,,1
亦,,,,,1
亨,,,,,1
亮,,,,,1
伊,,,,,1
伍,,,,,1
伶,,,,,1
伽,,,,,1
佑,,,,,1
侃,,,,,1
侑,,,,,1
倖,,,,,1
倭,,,,,1
偲,,,,,1
允,,,,,1
冴,,,,,1
凌,,,,,1
凜,,,,,1
凪,,,,,1
凱,,,,,1
勁,,,,,1
勺,,,,,1
匁,,,,,1
匡,,,,,1
卯,,,,,1
叡,,,,,1
只,,,,,1
叶,,,,,1
哉,,,,,1
啄,,,,,1
喬,,,,,1
嘉,,,,,1
圭,,,,,1
奎,,,,,1
嬉,,,,,1
孟,,,,,1
宏,,,,,1
宥,,,,,1
寅,,,,,1
尭,,,,,1
峻,,,,,1
崚,,,,,1
嵩,,,,,1
嵯,,,,,1
嶺,,,,,1
巌,,,,,1
巳,,,,,1
巴,,,,,1
巽,,,,,1
庄,,,,,1
弘,,,,,1
彗,,,,,1
彦,,,,,1
彪,,,,,1
彬,,,,,1
怜,,,,,1
恕,,,,,1
悌,,,,,1
惇,,,,,1
惟,,,,,1
惣,,,,,1
慧,,,,,1
捷,,,,,1
捺,,,,,1
敦,,,,,1
斐,,,,,1
於,,,,,1
旭,,,,,1
昂,,,,,1
昌,,,,,1
昴,,,,,1
晃,,,,,1
晋,,,,,1
晏,,,,,1
晟,,,,,1
晨,,,,,1
智,,,,,1
暉,,,,,1
暢,,,,,1
曙,,,,,1
朋,,,,,1
朔,,,,,1
李,,,,,1
杏,,,,,1
杜,,,,,1
柊,,,,,1
柚,,,,,1
柾,,,,,1
栗,,,,,1
栞,,,,,1
桂,,,,,1
桐,,,,,1
梓,,,,,1
梢,,,,,1
梧,,,,,1
椋,,,,,1
椰,,,,,1
椿,,,,,1
楊,,,,,1
楓,,,,,1
楠,,,,,1
榛,,,,,1
槙,,,,,1
槻,,,,,1
樺,,,,,1
橘,,,,,1
檀,,,,,1
欣,,,,,1
欽,,,,,1
毅,,,,,1
毬,,,,,1
汐,,,,,1
洲,,,,,1
洵,,,,,1
洸,,,,,1
浩,,,,,1
淳,,,,,1
渚,,,,,1
渥,,,,,1
滉,,,,,1
漱,,,,,1
澪,,,,,1
熙,,,,,1
燎,,,,,1
燦,,,,,1
燿,,,,,1
爾,,,,,1
猪,,,,,1
玖,,,,,1
玲,,,,,1
琉,,,,,1
琢,,,,,1
琳,,,,,1
瑚,,,,,1
瑛,,,,,1
瑞,,,,,1
瑳,,,,,1
瑶,,,,,1
甫,,,,,1
皐,,,,,1
皓,,,,,1
眸,,,,,1
碧,,,,,1
碩,,,,,1
磯,,,,,1
祐,,,,,1
禄,,,,,1
禎,,,,,1
秦,,,,,1
稀,,,,,1
稔,,,,,1
稜,,,,,1
穣,,,,,1
竣,,,,,1
笙,,,,,1
笹,,,,,1
紗,,,,,1
紘,,,,,1
紬,,,,,1
絃,,,,,1
絢,,,,,1
綜,,,,,1
綸,,,,,1
綺,,,,,1
綾,,,,,1
緋,,,,,1
翔,,,,,1
翠,,,,,1
耀,,,,,1
耶,,,,,1
聡,,,,,1
肇,,,,,1
胡,,,,,1
胤,,,,,1
脩,,,,,1
脹,,,,,1
舜,,,,,1
芙,,,,,1
芹,,,,,1
苑,,,,,1
茄,,,,,1
茅,,,,,1
茉,,,,,1
茜,,,,,1
莉,,,,,1
莞,,,,,1
菖,,,,,1
菫,,,,,1
萌,,,,,1
萩,,,,,1
葵,,,,,1
蒔,,,,,1
蒼,,,,,1
蓉,,,,,1
蓮,,,,,1
蔦,,,,,1
蕉,,,,,1
蕗,,,,,1
蘭,,,,,1
蝶,,,,,1
衿,,,,,1
袈,,,,,1
裟,,,,,1
詢,,,,,1
誼,,,,,1
諄,,,,,1
諒,,,,,1
赳,,,,,1
輔,,,,,1
辰,,,,,1
迪,,,,,1
遥,,,,,1
遼,,,,,1
邑,,,,,1
郁,,,,,1
酉,,,,,1
銑,,,,,1
錘,,,,,1
阿,,,,,1
隼,,,,,1
雛,,,,,1
霞,,,,,1
靖,,,,,1
鞠,,,,,1
頌,,,,,1
颯,,,,,1
馨,,,,,1
駿,,,,,1
魁,,,,,1
鮎,,,,,1
鯉,,,,,1
鯛,,,,,1
鳩,,,,,1
鳳,,,,,1
鴻,,,,,1
鵬,,,,,1
鷹,,,,,1
麟,,,,,1
麿,,,,,1
黎,,,,,1
黛,,,,,1
