項目,言葉,読み方,翻訳,例,例の翻訳,,内容の読み,同,同の読み方,対,対の読み方,
時間・時,かつて,,,かつてはこの町も栄えていました。,,,,,,,,
,先程,さきほど,,先程荷物が届きました。,,,,,,,,
,現在,げんざい,,現在、日本は午後8時です。,,,,,,,,
,過去,かこ,,,,,,,,,,
,未来,みらい,,,,,,,,,,
,ただ今,ただいま,,<電話>佐藤はただ今席を外しております。,,,,,,,,
,至急,しきゅう,,至急、お返事ください。/ 大至急、電話をください。,,,,,,,,
,今のところ,いまのところ,,今のところ、予定の変更はないようです。,,,,,,,,
,今にも,いまにも,,今にも降り出しそう。早く帰ろう。,,,,,,,,
,じき(に),,,「まだ降ってるね」「じきにやむでしょう」,,,,,,,,
,いよいよ,,,いよいよ、明日で卒業ですね。,,,,,,,,
,近頃,ちかごろ,,近頃の若者は、そんなことも知らないのか。,,,,,,,,
,近々,ちかぢか,,これのチョコレート味が、近々発売されるようです。,,,,,,,,
,やがて,,,薬を飲んで寝ていれば、やがて熱も下がるでしょう。,,,,,,,,
,いずれ,,,真実はいずれ明らかになるだろう。,,,,,,,,
,そのうち(に),,,そのうちまた会いましょう。,,,,,,,,
,いつまでも,,,日本での生活はいつまでも忘れません。いつまでも寝てないで、早く起きなさい。,,,,,,,,
,永久,えいきゅう,,ここの海の美しさは永久にかわらないでほしい。,,,,,,,,
,四季,しき,,四季の変化を楽しめるのが、ここの魅力です。,,,,,,,,
,月日,つきひ,,月日が過ぎるのは、早いものですね。,,,,,,,,
,年月,ねんげつ◇としつき,,薬の開発に、10年という長い年月がかかった。,,,,,,,,
,本日,ほんじつ,,<宣伝>本日のサービス品,,,,,,,,
,節目,ふしめ,,人生の節目、節目を迎える。,,,,,,,,
,挨拶,あいさつ,,会議の挨拶、就任の挨拶。明日、ご挨拶を伺います。,,,,,,,,
,区切り,くぎり,,,,,,,,,,
,前の〜,まえの,,前の日は早目に寝たほうがいいよ。前の年は海外に一度も行っていない。,,,,,,,,
,前〜,ぜん,,前日、前年、前回。,,,,,,,,
,翌年,よくねん,,大会の翌年には、彼はプロとして活躍を始めた。,,,,,,,,
,〜末,まつ,,今月末、来週末、年末。,,,,,,,,
,半ば,なかば,,来週半ば、5月半ば。,,,,,,,,
,〜過,すぎ,,帰りは7時過になると思う。今、2時5分過です。,,,,,,,,
,後(に),のち(に),,後にその良さが認められ、広く使われるようになった。,,,,,,,,
,直後,ちょくご,,帰国した直後に、その知らせを聞きました。,,,,,,,,
,以後,いご,,申し訳ありませんでした。以後、気をつけます。,,,,,,,,
,当日,とうじつ,,大会当日は、正面玄関に9時に集合してください。,,,,,,,,
,当時,とうじ,,ここが、当時、僕が住んでいた学生寮です。,,,,,,,,
,折,おり,,出張の折には大変お世話になりました。転職のことは、折を見て親に話そうと思う。,,,,,,,,
,チャンス,,,チャンスをつかむ、チャンスを逃す。,,,,,,,,
,きっかけ,,,友達に薦められて聞いたのがきっかけで、彼らのファンになりました。,,,,,,,,
,瞬間,しゅんかん,,車と車がぶつかった瞬間を見た。,,,,,,,,
,最中,さいちゅう,,試験の最中に停電が起きた。,,,,,,,,
,西暦,せいれき,,,,,,,,,,
,年代,ねんだい,,70代のロック。,,,,,,,,
,原子,げんし,,原子的なやり方、原始人。,,,,,,,,
,近代,きんだい,,近代の日本文学を研究しています。,,,,,,,,
,日時,にちじ,,日時と場所は、決まり次第、お知らせします。,,,,,,,,
,日中,にっちゅう,,日中は暖かいですが、夜は寒くなるでしょう。,,,,,,,,
,終日,しゅうにち,,店内は終日禁煙です。,,,,,,,,
,昼間,ひるま,,昼間は働いて、夜、学校に行っています。,,,,,,,,
,夜間,やかん,,夜間は、電気料金が割引になります。,,,,,,,,
,深夜,しんや,,,,,,,,,,
,夜が開ける,よがあける,,,,,,,,,,
,夜明け,よあけ,,,,,,,,,,
,明け方,あけかた,,父が出かけたのは、開け方の５時頃です。,,,,,,,,
,元日,ガンじつ,,「一月一日」のこと。,,,,,,,,
,祝日,しゅくじつ,,法律で決められた国の休みの日。,,,,,,,,
,祭日,さいじつ,,神社などで伝統的な行事が行われる日。俗に、「祝日」のこと。,,,,,,,,
,上旬,じょうじゅん,,8月上旬に発売の予定です。「初旬」,,,,,,,,
,中旬,ちゅうじゅん,,,,,,,,,,
,下旬,げじゅん,,,,,,,,,,
,暮れ,くれ,,毎年、暮れに実家に帰ります。,,,,,,,,
,年中,ねんじゅう,,弟は年中ジーパンをはいている。,,,,,,,,
,日頃,ひごろ,,日頃の例に、食事でもおごらせてください。,,,,,,,,
,普段,ふだん,,普段運動しないから、ちょっと走るだけで息が切れる。,,,,,,,,
,臨時,りんじ,,臨時休業、臨時バス。,,,,,,,,
,延長,えんちょう,,会議を１時間延長することにした。,,,,,,,,
,年度,ねんど,,うちの会社では、今月から新しい年度に変わりました。,,,,,,,,
家族,親,おや,,昔は親に心配ばかりかけていました。,,,,,,,,
,父親,ちちおや,,父親の役割,,,,,,,,
,母親,ははおや,,彼は母親の愛情を知らずに育ったんです。,,,,,,,,
,一家,いっか,,林さん一家とは長い付き合いです。こういう便利な物だったら、一家に一台は欲しいね。,,,,,,,,
,嫁,よめ,,こんなきれいな人が息子のお嫁さんになってくれるなんて。嫁に行く。,,,,,,,,
,花嫁,はなよめ,,花嫁とご両親の三人で写真を撮りましょう。,,,,,,,,
,花息子,はなむすこ,,,,,,,,,,
,夫妻,ふさい,,林夫妻は少し遅れてくるって言ってたよ。,,,,,,,,
,夫人,ふじん,,まりこ夫人も一緒に来るそうです。,,,,,,,,
,奥様,おくさま,,これから社長の奥様がいらっしゃるそうです。,,,,,,,,
,婚約(する),けっこん(する),,「あの二人、婚約したみたいですね」「へえ、やっぱり婚約するんだ。式はいつ挙げるのかな?」,,,,,,,,
,妊娠(する),にんしん(する),,,,,,,,,,
,出産(する),しゅっさん(する),,彼女は年内に出産する予定です。出産お祝い。,,,,,,,,
,育児,いくじ,,育児休暇、育児に役立つ本、育児に疲れる。,,,,,,,,
,双子,ふたご,,,,,,,,,,
,〜連れ,づれ,,動物園は、家族連れの客で賑わっていた。子供連れの客。,,,,,,,,
人,幼い,おさない,,こんな幼い子に一人で留守番をさせるなんて、かわいそう。,,,,,,,,
,坊ちゃん,ぼっちゃん,,隣の坊ちゃん、春から小学生にんるそうよ。,,,,,,,,
,世代,せだい,,若い世代、世代交代。,,,,,,,,
,成人,せいじん,,成人式。,,,,,,,,
,未成年,みせいねん,,未成年にお酒を売ることは、法律で禁じられている。,,,,,,,,
,老人,ろうじん,,,,,,,,,,
,寿命,じゅみょう,,平均寿命。,,,,,,,,
,亡くなる,なくなる,,お世話になった先生が亡くなったと聞いて、びっくりした。,,,,,,,,
,亡くす,なくす,,あのかたは、去年、ご主人を亡くしたそうです。,,,,,,,,
,人生,じんせい,,,,,,,,,,
,本人,ほんにん,,本人に直接聞いてみます。,,,,,,,,
,自身,じしん,,彼自身、自分がどんな仕事をしたいのか、よくわかっていなかった。,,,,,,,,
,自ら,みずから,,社長自ら新しいプロジェクトの説明を始めた。,,,,,,,,
,者,もの,,すみません、先程お電話した者ですが・・・・・。強い者が勝つのではない。勝った者が強いのだ。,,,,,,,,
,人物,じんぶつ,,彼は風景を描くことが多く、人物を描くのは珍しい。,,,,,,,,
,美人,びじん,,,,,,,,,,
,人込み,ひとごみ,,人込みは苦手です。,,,,,,,,
,大衆,たいしゅう,,大衆文化、大衆食堂。,,,,,,,,
人と人,目上,,,目上の人には言葉使いに気をつけてください。,,,,,,,,
,敬う,,,相手を敬う気持ちが大切です。,,,,,,,,
,恩,,,先生に受けた恩は一生忘れません。,,,,,,,,
,気を遣う,,,「何かお飲みになりますか」「いえ、結構です。どうぞ気を使わないでください」,,,,,,,,
,気が合う,,,あの二人は気が会うんでしょうね。いつも一緒にいる。,,,,,,,,
,友,,,私にとって彼は、友であり、また、よきライバルでもあった。,,,,,,,,
,友情,,,今回のことで、二人の友情は更に深まった。,,,,,,,,
,友好,,,私の町は中国のある街と友好関係を結んでいる。,,,,,,,,
,付き合う,,,スーツを買う魔は初めてなので、兄を付き合ってもらった。あの二人は付き合っているらしい。,,,,,,,,
,付き合い,,,付き合いで飲みに行く。,,,,,,,,
,信用(する),,,信用を得る、信用を失う。信用を高める、信用を落とす。,,,,,,,,
,信頼(する),,,相手と信頼関係を築く。,,,,,,,,
,契約(する),,,まだ正式には契約をしていない。契約書。,,,,,,,,
,裏切る,,,友達を裏切るようなことはしません。,,,,,,,,
,救う,,,不幸な動物たちを救うのが、活動の目的です。,,,,,,,,
,援助,,,この店を始める時、親に少し援助してもらいまして。,,,,,,,,
,励ます,,,周りのみんなに励まされて、今まで頑張ってこられた。,,,,,,,,
,慰める,,,私が元気がない時は、彼女がいつも慰めてくれました。,,,,,,,,
,おかげ,,,今回優勝できたのは、コーチのおかげです。,,,,,,,,
,お互い(に),,,お互いに納得するまで、よく話し合ってください。,,,,,,,,
,助け合う,,,みんなで助け合って、生きていってほしい。,,,,,,,,
,共同,,,友達と会社を共同経営することにしました。,,,,,,,,
,競う,,,技を競う、美を競う。,,,,,,,,
,競争(する),,,企業間の競争。,,,,,,,,
,対立(する),,,バンドの方針について、メンバーの間で意見が対立している。,,,,,,,,
,反抗(する),,,うちの息子は何を言っても、すぐ反抗するんです。,,,,,,,,
,薦める,,,先生に勧められた本を買って読んでみた。,,,,,,,,
,誘う,,,友達を映画に誘ったけど、断られた。,,,,,,,,
,連れる,,,友達も連れて行っていいですか。,,,,,,,,
,だます,,,怪しい広告だなあ。騙されないように気をつけて。,,,,,,,,
,傷つける,,,私ま余計な一言が、彼女を傷つけたみたいです。,,,,,,,,
,詫びる,,,丁寧に詫びた方がいいと思うよ。詫び状(=お詫びの手紙)。ご迷惑をおかけしたことを深くお詫び申し上げます。,,,,,,,,
,面会,,,知事との面会が許された。,,,,,,,,
,見舞い,,,入院している友達のお見舞いに行った。,,,,,,,,
,集まり,,,毎週金曜日は、サークルの集まりがあります。,,,,,,,,
,会合,,,三つの大学の関係者が集まって、会合が開かれた。,,,,,,,,
,再会,,,こんなところで高校時代の友達と再会するとは思わなかった。,,,,,,,,
,別れる,,,友達と駅で別れて、私はバスに乗った。彼女と別れて1年も経ったのにまだ忘れられない。,,,,,,,,
,愛情,,,子供に対する愛情、深い愛情。,,,,,,,,
,かわいがる,,,彼女はその猫をとてもかわいがっていました。,,,,,,,,
,甘やかす,,,最近、子供を甘やかす親が増えている。,,,,,,,,
,しつけ,,,うちの父親はしつけが厳しかったです。,,,,,,,,
,同級生,,,,,,,,,,,
,クラスメート,,,,,,,,,,,
,ルームメイト,,,,,,,,,,,
食べ物・料理,食物,しょくもつ,,食物アレルギー,,,,,,,,
,食糧,,,少しでも、食糧不足に苦しむ人たちを救いたい。,,,,,,,,
,果実,,,果実酒。,,,,,,,,
,飯,,,今、そんな話をするなよ。飯がまずくなる。,,,,,,,,
,餅,,,,,,,,,,,
,かび,,,あっ、このパン、かびが生えてる。,,,,,,,,
,スイカ,,,,,,,,,,,
,アイスキャンディ,,,,,,,,,,,
,冷凍(する),,,冷凍食品。,,,,,,,,
,自炊,,,一人暮らしをしてから自炊をするようになった。,,,,,,,,
,まな板,,,,,,,,,,,
,大さじ,,,さとうを大さじ一杯入れてください。,,,,,,,,
,小さじ,こさじ,,,,,,,,,,
,器,,,サラダを入れる器がない。あの社長には、気の大きさを感じる。,,,,,,,,
,丼,どんぶり,,丼の中には、魚や貝がたっぷりと入っていました。,,,,,,,,
,ストロー,,,,,,,,,,,
,献立,,,寮では、一ヶ月の夕飯の献立が表になっています。,,,,,,,,
,お変わり(する),,,「コーヒのおかわりは?」「じゃ、いただきます」,,,,,,,,
家具・家電・家庭用品,引き出し,,,はさみは、机の一番上の引き出しに入っています。,,,,,,,,
,たんす,,,たんすの引き出しの奥から懐かしい服が出てきた。,,,,,,,,
,座布団,,,,,,,,,,,
,電球,,,電球が切れたから、買ってこないと。,,,,,,,,
,蛍光灯,,,,,,,,,,,
,暖房,,,その部屋は暖房あまり効いてなくて、寒かった。,,,,,,,,
,ミシン,,,ここ、壊れたんですか。じゃ、私がミシンをかけてあげますよ。,,,,,,,,
,炊飯器,,,,,,,,,,,
,ごみ袋,,,,,,,,,,,
毎日の生活,起床(する),,,研修中は６時起床する。,,,,,,,,
,就寝(する),,,病院では就寝する時間が決まっています。,,,,,,,,
,寝坊(する),,,明日、寝坊したら起こしてね。,,,,,,,,
,歯磨き,,,,,,,,,,,
,朝刊,,,,,,,,,夕刊,,
,髪をとかす,,,寝坊したから、髪を溶かす時間もなかった。,,,,,,,,
,香水,,,,,,,,,,,
,(お)出掛け(する),,,「どちらにお出掛けですか」「ちょっとお花見に」,,,,,,,,
,レジ袋,,,,,,,,,,,
,炊事(する),,,,,,,,,,,
,洗い物,,,料理は妻で、洗い物は私がやっています。また、洗い物が溜まってる。,,,,,,,,
,生ごみ,,,,,,,,,,,
,くず,,,くずいれ、くずかご、パンくず,,屑,,,,,,
,紙くず,,,,,,,,,,,
,掃く,はく,,床は、簡単にほうきで掃いてから雑巾で拭いてください。,,,,,,,,
,片付く,,,今の仕事が片付いたら、ちょっと旅行に行くつもりです。,,,,,,,,
,昼寝(する),,,,,,,,,,,
,休息(する),,,練習熱心なのはいいけど、週に一日は休息日が必要だよ。,,,,,,,,
,休養(する),,,彼女は治療のため、半年ほど休養をとるそうです。,,,,,,,,
,のんびりする,,,たまには温泉にでも行って、のんびりしたい。,,,,,,,,
,余暇,,,余暇の過ごし方,,,,,,,,
,日課,,,朝、公園までジョギングするのが日課です。,,,,,,,,
交通・移動,交通機関,,,大雨により、交通機関にも影響が出始めた。,,,,,,,,
,私鉄,,,JR、私鉄ともに、平常通りの運転です。,,,,,,,,
,ジェット機,,,自家用ジェット機。,,,,,,,,
,時速,,,時速50キロで走る。,,,,,,,,
,道路,,,この辺は道路ばかりで、空気があまり綺麗じゃない。,,,,,,,,
,横断歩道,,,横断歩道があるところを渡りましょう。,,,,,,,,
,ガードレール,,,,,,,,,,,
,信号,,,あ、信号が青になってる。渡っちゃおう。,,,,,,,,
,標識,,,あの灯篭標識、何て書いてあるか見える?,,,,,,,,
,十字路,,,そこの十字路を左に曲がってください。,,,,,,,,
,Uターン(する),,,おかしいな。道を間違えたみたいだ。Uターンしよう。◇この道は狭いから、Uターン出来ない。,,,,,,,,
,通行止め,,,この先は工事で通行止めになっている。,,,,,,,,
,回り道(する),,,ちょっとぐらい回り道してもいいですよ。のんびり行きましょう。,,,,,,,,
,遠回り(する),,,そっちから行くと遠回りになるよ。◇遠回りにはなりますが、渋滞がないのでこっちから行きます。,,,,,,,,
,道順,,,今、駅にいるんですが、そちらまでの道順を教えていただけますか。,,,,,,,,
,徒歩,,,駅から徒歩５分。,,,,,,,,
,助手席,,,,,,,,,,,
,急ブレーキ,,,安全のため、急ブレーキを踏む場合もあります。,,,,,,,,
,車輪,,,自転車の車輪にスカートがひっかかってしまった。,,,,,,,,
,時刻表,,,,,,,,,,,
,ラッシュ,,,通勤ラッシュ,,,,,,,,
,車掌,,,この電車で行けるのかなあ。あそこに車掌さんがいるから聞いてみよう。,,,,,,,,
,吊り革,,,急ブレーキを踏むことがあるから、吊革につかまっていたほうがいいよ。,,,,,,,,
,乗車券,,,<車掌>乗車券を拝見します。,,,,,,,,
,通過(する),,,次の急行列車は、当駅を通過します。,,,,,,,,
,乗り越す,,,乗り越しした分を精算しないと。,,,,,,,,
,乗り過ごす,,,本に夢中になっていて、うっかり乗り過ごしてしまった。,,,,,,,,
,乗り継ぐ,,,新幹線じゃなくても、電車を上手く乗り継げば、さんなに時間かからないですよ。,,,,,,,,
,脱線(する),,,カーブでスピードを落とさないと、脱線することもあり得る。,,,,,,,,
,人通り,,,駅前はやっぱり人通りが多いね。,,,,,,,,
,行き来,ゆきき/いきき,,お互いの家を行き来するうちに、自然と結婚について考えるようになりました。,,,,,,,,
,行き帰り,,,最近は運動不足で、会社の行き帰りにちょっと歩くだけです。,,,,,,,,
,訪れる,,,この工場には、時々、外国の方も見学に訪れる。,,,,,,,,
,引き返す,,,<車の中>大変! 財布を忘れたみたい。引き返してもらえる?,,,,,,,,
,通りかかる,,,おばあさんが倒れていのを通りかかった男性が見つけて、すぐ救急車を呼んだそうです。◇その店の前を通りかかると、中から陽気な音楽が聞こえてきた。,,,,,,,,
,横切る,,,目の前を鳥が横切ってびっくりした。,,,,,,,,
,すれ違う,,,「林さんは2、3分前に帰ったところだよ」「え、じゃ、どこかですれ違ったんだ。残念」,,,,,,,,
,前進(する),,,風が強くて、なかなか前進できない。,,,,,,,,
,移る,,,ここ、うるさいから、向こうの席に移ろう。◇子供の風邪が移ったみたいだ。,,,,,,,,
,留まる,,,もう少しここに止まっていたけど、もう行かないと。,,,,,,,,
,寄る,,,あと５分か・・・・・。郵便局に寄るつもりだったけど、無理だな。,,,,,,,,
,寄せる,,,荷物をもうちょっと壁に寄せてくれる?◇今回の調査には、多くの研究者が関心を寄せている。,,,,,,,,
,近寄る,,,コット近寄ってよくみて。それ、虫じゃないみたいなんだよ。,,,,,,,,
,接近(する),,,台風12号は、今夜にも九州に接近する見込みです。,,,,,,,,
,どく,,,そこにいると通れないから、ちょっとどいてください。,,,,,,,,
,どける,,,邪魔だから、ちょっとこの箱、どけてくれない?,,,,,,,,
,ずらす,,,都合が悪くなったので、歯医者の予約を１時ずらしてもらった。◇ここに置くと邪魔になるから、ちょっとずらそう。,,,,,,,,
,それる,,,シュートをしたけど、ちょっと上にそれてしまった。◇話はちょっとそれてしまったけど、要するに反対だということです。,,,,,,,,
,よける,,,あの人、すごいいきおいで走ってくるから、よけられなくてぶつかちゃったよ。,,,,,,,,
,出入り,でいり/ではいり,,ここは人の出入りが激しいから、裏から荷物を入れましょう。,,,,,,,,
,持ち込む,,,<飛行機で>このバッグは大きいすぎて、機内に持ち込むことができなかった。,,,,,,,,
,持ち込み,,,会場内への飲み物持ち込みは禁じられています。,,,,,,,,
,上京(する),,,私は高校卒業と同時に上京しました。,,,,,,,,
,行方,,,現在も、犯人の行方はわかっていない。◇行方不明。,,,,,,,,
建物・施設・部屋,設計(する),,,この劇場は、有名な建築家が設計したそうだ。,,,,,,,,
,建てる,,,このお寺は約800年前に建てられたそうです。,,,,,,,,
,新築,,,<不動産屋で>新築か、なるべく新しいところがいいんですが。,,,,,,,,
,ワンルームマンション,,,ワンルームマンションなので、テレビもベッドも全部、同じ部屋におります。,,,,,,,,
,団地,,,住んでいた団地には、同じくらいの年の子がたくさんいました。,,,,,,,,
,住宅,,,この辺には住宅ばかりで、ほかに何もありません。◇住宅街、住宅ローン。,,,,,,,,
,住居,,,,,,,,,,,
,家屋,,,この町には伝統的な日本家屋が多く残っている。,,,,,,,,
,設備,,,エレベーターや駐車場などの設備も、マンションを選ぶときのポイントです。,,,,,,,,
,物置,,,しばらく使いそうもない物は物置に入れておこう。,,,,,,,,
,倉庫,,,,,,,,,,,
,車庫,,,車庫には、車のほか、自動車も2台置いています。,,,,,,,,
,小屋,,,あんなところに山小屋がある。ちょっと行ってみよう。,,,,,,,,
,温室,,,この温室では、イチゴを作っています。,,,,,,,,
,和室,,,このホテルには、和室と洋室、両方ある。,,,,,,,,
,洋室,,,,,,,,,,,
,座敷,,,座敷とテーブルの席と、どっちにする?,,,,,,,,
,ふすま,,,ふすまを閉めるときは静かにお願いします。,,襖,,,,,,
,押し入れ,,,<旅館で>押入にまだ毛布がありますよ。,,,,,,,,
,お手洗い,,,「すみません、お手洗いはどちらですか」「あちらの奥になります」,,,,,,,,
,流し,,,食べ終わったら、食器は流しに置いといて。,,,,,,,,
,門,,,門の前でみんなで写真を撮りましょう。,,,,,,,,
,裏口,,,表は人が多いので、裏口から出てください。,,,,,,,,
,塀,,,塀の上で猫が気持ちよさそうに寝ている。,,,,,,,,
,垣根,,,その家は高い垣根に囲まれていて、中がほとんど見えない。,,,,,,,,
,井戸,,,昔はみんな、この井戸まで水をくみに来たそうだ。,,,,,,,,
,地下水,,,この辺りでは、農業用に地下水が利用されている。,,,,,,,,
,下水,,,下水処理場、下水工事。,,,,,,,,
,噴水,,,,,,,,,,,
,煙突,,,,,,,,,,,
,電柱,,,,,,,,,,,
,塔,,,,,,,,,,,
,寺院,,,そこは歴史のある街で、古い仏教の寺院がいくそかあった。,,,,,,,,
,名刺,,,ここは桜の名所で、花見のシーズンはとてもにぎやかになはます。,,,,,,,,
,役所,,,役所に行けば、必要な手続きがわかるんじゃない?,,,,,,,,
,商店,,,駅に降りてしばらく、商店が続く通りを歩いてみた。◇商店街,,,,,,,,
,シャッター,,,すみません。シャッターを押していただけませんか。◇シャッターを開ける。◇シャッターを閉める、シャッターを下ろす。,,,,,,,,
読む・書く・菊・話す,文書,,,文書で質問する、ビジネス文書。,,,,,,,,
,文献,,,古い文献を調べる。,,,,,,,,
,読み,,,漢字を読む。,,,,,,,,
,書き上げる,,,何とか締め切りまでに論文を書き上げた。,,,,,,,,
,書き取る,,,ノートに書き取る。,,,,,,,,
,書き取り,,,漢字の書取りのテスト。,,,,,,,,
,書き直す,,,字を間違えたので、最初から書き直した。,,,,,,,,
,書き留める,,,思いついたアイデアは、手帳に書き留めていた。,,,,,,,,
,描く,,,子供の頃、将来にどんな夢を描いていましたか。,,,,,,,,
,表示(する),,,カロリー表示。,,,,,,,,
,投書,,,新聞に投書する。,,,,,,,,
,推薦状,,,,,,,,,,,
,聞き手,,,,,,,,,,,
,聞き逃す,,,あ、今のところ、聞き逃しちゃった。何て言ったの?,,,,,,,,
,問い合わせる,,,いつから予約できるか、問い合わせてみた。,,,,,,,,
,問い合わせ,,,お問い合わせは下記まで。,,,,,,,,
,話題,,,彼は話題が豊富ですね。,,,,,,,,
,言いかける,,,彼女は、何か言いかけて、途中でやめた。,,,,,,,,
,話しかける,,,彼はすごく忙しそうで、話しかけられない。,,,,,,,,
,呼びかける,,,被害が拡大しないよう、警察が注意を呼びかけている。,,,,,,,,
,ささやく,,,そんなささやくような小さい声じゃ聞こえないよ。,,,,,,,,
,発見(する),,,大臣の発言が問題になっている。,,,,,,,,
,演説(する),,,もうすぐ大統領の演説が始まるよ。,,,,,,,,
,話し合う,,,今後のことについて、みんなでよく話し合ってください。,,,,,,,,
,論じる/論ずる,ろんじる/ろんずる,,<司会>次は、安全性について論じたいと思います。,,,,,,,,
,論争(する),,,消費税をめぐって、激しい論争が起きている。,,,,,,,,
,解説(する),,,この参考書は解説が丁寧です。,,,,,,,,
,コメント(する),,,作品について、先生からコメントをもらった。,,,,,,,,
,文句,,,作ってあげたんだから、文句を言わずに食べた。◇文句があったら、会社に言って。◇宣伝文句、誘い文句、決まり文句。,,,,,,,,
,愚痴,ぐち,,彼女は最近、会うといつも会社の愚痴を言う。,,,,,,,,
,不平,,,彼は不平を言うばかりで、自分では何もしようとしない。,,,,,,,,
,一言,,,最後に一言言わせてください。,,,,,,,,
,言付け,,,原さん、いないの?　じゃ、言付けを頼んでもいい?◇言付ける,,,,,,,,
,早口,,,佐藤さんは興奮すると早口になる。,,,,,,,,
,うなずく/うなづく,,,私が説明すると、彼はうなづき、「問題ありません」と言った。,,,,,,,,
天気・天候,天候,,,小さい飛行機なので、天候によっては、多少揺れることがあります。,,,,,,,,
,快晴,,,その日は雲一つない快晴だった。,,,,,,,,
,夕立,,,「あわっ、雨だ」「夕立だから、すぐ止むよ」,,,,,,,,
,大雨,,,昨夜の大雨で川の水が急激に増えた。,,,,,,,,
,ざあざあ,,,「どう?　雨は?　やみそうにない?」「うん。ざあざあ降ってる」,,,,,,,,
,雷が落ちる,,,,,,,,,,,
,警報,,,<テレビ>今、県南部に大雨警報が出ています。,,,,,,,,
,霧,きり,,「霧が出てきたら、前が見えにくいよ」「運転、気をつけて」◇霧が晴れる,,,,,,,,
,霜,しも,,「最近、寒いね」「うん。うちの庭にも、今朝、霜降りてたよ」◇霜が降りる,,,,,,,,
,吹雪,,,吹雪で何も見えなくなった。◇吹雪く,,,,,,,,
,湿気,,,この時期は湿気が多くて、洗濯物がなかなか乾かない。,,,,,,,,
,梅雨が明ける,,,,,,,,,,,
,大気,,,大気中には、様々な有害物質も含まれている。◇大気汚染,,,,,,,,
,気圧,,,では、天気図、現在の気圧の様子を見てみましょう。,,,,,,,,
,高気圧,,,明日は全国的に高気圧に覆われ、よく晴れるでしょう。,,,,,,,,
,低気圧,,,<天気予報>発達した低気圧によって、各地で激しい雨が降っています。,,,,,,,,
,温暖(な),,,ここは年中温暖な気候なので、とても暮らしやすいです。,,,,,,,,
,温帯,,,温帯低気圧,,,,,,,,
,寒帯,,,,,,,,,,,
,熱帯,,,熱帯のジャングル,,,,,,,,
お金,現金,,,お支払いは、現金とカード，どちらになさいますか。,,,,,,,,
,キャッシュ,,,キャッシュで払う,,,,,,,,
,金銭,,,この事件は、金銭関係のトラブルが原因らしい。,,,,,,,,
,大金,,,500万円もの大金を、彼はどうやって集めたんだろう。,,,,,,,,
,紙幣,,,,,,,,,,,
,為替,,,今日の為替レートはどれくらいですか。,,,,,,,,
,銀行口座,,,銀行口座を開く,,,,,,,,
,送金(する),,,海外に送金する時は、手数料がかなりかかる。,,,,,,,,
,納める,,,家賃が毎月、月末に納めています。◇税金を納める、家賃を納める,,,,,,,,
,関税,,,これらの輸入品は関税がかかっているから、どうしても値段が高くなる。◇関税の引き上げ,,,,,,,,
,課税(する),,,家賃などの収入も課税されます。,,,,,,,,
,請求(する),,,こちらにミスがあったので、代金を請求するつもりはありません。◇請求書,,,,,,,,
,代金,,,旅行の代金は、出発前に払うことになっています。,,,,,,,,
,手数料,,,部屋を借りるときは、不動産屋に手数料を払わなければならない。,,,,,,,,
,引く,,,サービスで200円引いてくれた。,,,,,,,,
,割り引く,,,ちょっと傷があったので、1000円を割り引いてくれた。◇セール品は2割引きです。,,,,,,,,
,学生割引(学割),がくせいわりびき(がくわり),,電車やバスには学割がある。,,,,,,,,
,値引き(する),,,食品の場合、閉店が近づくとよく割引される。,,,,,,,,
,立て替える,,,ごめん、チケット台、立て替えといてくれる?　明日、払うから。,,,,,,,,
,借金(する),,,借金を返すため、彼は寝ずに働いた。,,,,,,,,
,破産(する),,,その後も借金は増え続け、彼はとうとう破産してしまった。,,,,,,,,
,募金(する),,,多くのすぽーつせんしゅが、募金活動に協力した。◇金額はほんの少しが、時々募金をします。,,,,,,,,
,集金(する),,,町内会費の集金に参りました。,,,,,,,,
,給与,,,毎月の給与のほか、年２回のボーナスがある。,,,,,,,,
,月給,,,,,,,,,,,
,家計,,,安い給料なので、家計は毎月苦しいです。,,,,,,,,
,出費,,,年末年始は出費が多くなる。,,,,,,,,
,無駄遣い,,,これ、前に買ったのとほとんど同じじゃない? また無駄遣いして。,,,,,,,,
,経費,,,会社から、なるべく経費を抑えるように言われている。,,,,,,,,
,コスト,,,材料にコストがかかりすぎている。◇もう少しコストを抑えよう。,,,,,,,,
,領収書,,,,,,,,,,,
,資本,,,会社を大きくしていくには、まず資本が必要です。◇資本金、社会資本「体が資本」,,,,,,,,
,資金,,,開店資金に、あと100万円ほど必要です。,,,,,,,,
,収入,,,毎月の収入はどれくらいですか。,,,,,,,,
,支出,,,収入はあまり変わらないのに、支出はちょっとずつ増えている。,,,,,,,,
,会費,,,パーティの会費、年会費,,,,,,,,
,回数券,,,何回も乗るなら、回数券の方が得だよ。,,,,,,,,
,賞金,,,優勝したら、賞金がもらえるそうだよ。◇賞金を獲得する。,,,,,,,,
服・くつ,衣服,,,住む家も衣服も、当時と今とでは全く異なる。,,,,,,,,
,格好,,,結婚式にはどんな格好で行けばいいんだろう。,,,,,,,,
,かっこいい,,,かっこいい車、かっこいい男の人。,,,,,,,,
,かっこ悪い,,,みんなの前で恥をかいて、かっこ悪かった。,,,,,,,,
,和服,,,和服の似合う女性になりたい。,,,,,,,,
,寝巻き/寝間着,ねまき,,怠け者だから、休みの日は寝巻きのまま過ごすこともあります。,,,,,,,,
,エプロン,,,,,,,,,,,
,長袖,,,,,,,,,,,
,フリーサイズ,,,これはフリーサイズだから、小さすぎるってことはないと思うよ。,,,,,,,,
,襟,,,襟をきちんとして。かっこ悪いよ。,,,,,,,,
,スカーフ,,,,,,,,,,,
,生地,,,余った生地で、お弁当を入れる袋を作った。,,,,,,,,
,ハンドバッグ,,,,,,,,,,,
,化粧品,,,,,,,,,,,
,下駄,,,,,,,,,,,
,下駄箱,,,うちの下駄箱は、上の2つの棚が私用で、あとは全部、彼女が使っています。,,,,,,,,私用: わたしよう
,流行る,,,これ、最近、若い人の間で流行っているんでしょう?,,,,,,,,
数量・程度,やや,,,値段はやや高めですが、その分、機能が充実しています。,,,,,,,,
,幾分,いくぶん,,先週よりは幾分よくなったけど、まだ完全には治ってません。,,,,,,,,
,いくらか,,,今日、お金を用意してこなかったから、いくらか貸してくれない?,,,,,,,,
,多少,,,多少遠くても構いません。,,,,,,,,
,ほんの,,,ほんの数ミリ違うだけで、やり直しです。,,,,,,,,
,わずか(な),,,１位と2位の差はわずかだった。,,,,,,,,
,若干,,,若干の汚れはありますが、ほとんど深品です。◇<広告>若干名募集,,,,,,,,
,せいぜい,,,安いと言っても、せいぜい数百円です。,,,,,,,,
,大量,,,大量の水、大量のゴミ,,,,,,,,
,大量に,,,ここには、当時の写真やフィルムが大量に保管されている。,,,,,,,,
,膨大(な),,,膨大な資料、膨大な財産,,,,,,,,
,莫大(な),,,よく見ると表面の傷があった。,,,,,,,,
,数え切れない,,,数え切れないほどの星が見えた。,,,,,,,,
,定員,,,,,,,,,,,
,過半数,,,この案には、出席者の過半数が倒賛成した。,,,,,,,,
,達する,,,あと少しで貯金が目標金額に達する。,,,,,,,,
,足る,,,彼女は、信頼に足る人物です。,,,,,,,,
,満員,,,満員だから、次の電車にしましょう。,,,,,,,,
,過剰(な),,,いくら栄養があると言っても、過剰に摂るのは良くない。,,,,,,,,
,余り,,,「余りはどうしますか」「もう使わないから捨ててくれる?」,,,,,,,,
,余分(な),,,余分な油は拭き取ってください。,,,,,,,,
,余裕,,,今忙しくて、他のことをする余裕がない。◇ちょうどじゃなく、２センチくらい余裕があった方がいい。,,,,,,,,
,分量,,,ちょっと味が薄いから、何か分量を間違えたみたい。,,,,,,,,
,目安,めやす,,カバーは半年を目安に交換してください。,,,,,,,,
,推定(する),,,このような若者が、全国で推定２００万人いると言われる。,,,,,,,,
,大半,,,彼女は給料の大半を洋服に使っているそうです。,,,,,,,,
,大分,,,［体調はどうですか」「おかげさまで大分良くなりました」,,,,,,,,
,増す,,,チーズを加えたら、美味しさが増した。,,,,,,,,
,増大(する),,,負担の増大、機械の増大,,,,,,,,
,急増(する),,,近年、ネトに関するトラブルが急増している。,,,,,,,,
,激増(する),,,この１０年間で高齢者が激増している。,,,,,,,,
,激減(する),,,ワクチンの普及により、患者数は激減した。,,,,,,,,
,横ばい,,,売上は、ここ数年、横ばいです。,,,,,,,,
,上昇(する),,,気温の上昇、物価が上昇する。,,,,,,,,
,下降(する),,,景気の下降、人気が下降する。,,,,,,,,
,大小,,,研修所では、大小様々な部屋を使うことが出来た。,,,,,,,,
,規模,,,,,,,,,,,
,大規模,,,大規模な工事,,,,,,,,
,小規模,,,,,,,,,,,
,程度,,,けがの程度によっては、手術の可能性もある。,,,,,,,,
,平均(する),,,平均してひと月に３冊くらいの本を読みます。,,,,,,,,
趣味・娯楽・スポーツ,観賞(する),,,＜履歴書の「趣味」欄などで＞音楽鑑賞、映画鑑賞,,,,,,,,
,上映(する),,,この映画は、現在、５つの映画で上映されている。,,,,,,,,
,生花,,,生花を習い、生花教室,,,,,,,,
,作法,,,国によって、食事の時の作法が全然違うね。,,,,,,,,
,習字,,,,,,,,,,,
,稽古(する),,,週に２回、空手の稽古があります。,,,,,,,,
,俳句,,,,,,,,,,,
,絵(の)具,,,,,,,,,,,
,囲碁,,Игра Го,,,,,,,,,
,将棋,,,将棋を差す。,,,,,,,,
,トランプ,,,,,,,,,,,
,占う,,,「この人の占いはよく当たるらしいね」「へー、私も占ってほしいな」,,,,,,,,
,占い,,,「占いは信じるほうですか」「全部じゃないけど、少しは」,,,,,,,,
,園芸,,,狭い庭だけど、父は趣味の園芸を楽しんでいねる。,,,,,,,,
,栽培(する),,,今度、郊外の土地をちょっと借りて、野菜を栽培してみようと思います。,,,,,,,,
,コレクション(する),,,このレコードは、私のコレクションの中でも特に、貴重なものです。,,,,,,,,
,レクリエーション,,,今度の研修、4日間もあるから、何かレクリエーションも必要だね。,,,,,,,,
,海水浴,,,海水浴に行く。,,,,,,,,
,泳ぎ,,,うちの犬の方が、私よりずっと泳ぎが上手です。,,,,,,,,
,競技(する),,,今度のアジア大会では、役５０種類の競技が行われます。,,,,,,,,
,観戦(する),,,今日はスポーツ観戦には最高の天気ですね。,,,,,,,,
,コート,,,午後からテニスをするんだったら、コートを予約しておかないと。,,,,,,,,
,ラケット,,,,,,,,,,,
,〜対〜,,,イタリア対日本の試合、明日の夜７時からです。◇２対１でイタリアが勝った。,,,,,,,,
,番組,,,今晩、何か面白そうな番組ある？,,,,,,,,
体,額,,,教室の中は暑いのか、額に汗をかいている子もいた。,,,,,,,,
,おでこ,,,,,,,,,,,
,まぶた,,,,,,,,,,,
,瞳,,,,,,,,,,,
,頬,ほほ/ほお,,妹は怒るとすぐ頬が膨らませる。,,,,,,,,
,あご,,,あごひげ、あごが長い。,,,,,,,,
,腕,,,,,,,,,,,
,脇,,,車は店の脇に停めました。,,,,,,,,
,ウエスト,,,＜試着室で＞「どう？　ちょっと小さい？」「いや、ウエストはちょうどいい」,,,,,,,,
,親指,,,,,,,,,,,
,人さし指,,,,,,,,,,,
,中指,,,,,,,,,,,
,薬指,,,,,,,,,,,
,小指,,,,,,,,,,,
,肺,,,,,,,,,,,
,呼吸(する),,,目を閉じて、ゆっくりと呼吸をしてください。,,,,,,,,
,血,,,て、どうしたの？　血が出てるよ。,,,,,,,,
,血液,,,今、B型の血液が不足しているそうです。,,,,,,,,
,筋肉,,,昨日、ちょっと走っただけなんだけど、普段使わない筋肉だから、痛くて痛くて。,,,,,,,,
,全身,,,子供の時からのアレルギーで、食べると全身が痒くなるんです。,,,,,,,,
,脳,,,運動することで、脳の働きも活発になります。,,,,,,,,
,頭脳,,,人工頭脳,,,,,,,,
,体力,,,またちょっと痩せたんじゃない？　しっかり食べて体力をつけないと病気になるよ。,,,,,,,,
健康・病気,痛む,,,寒くなると昔怪我をしたところが痛む。,,,,,,,,
,腫れる,,,風邪を引いたみたいで、喉が少し腫れている。,,,,,,,,
,腫れ,,,,,,,,,,,
,花粉症,,,花粉症の私には春は辛い季節です。,,,,,,,,
,くしゃみ,,,急にくしゃみが出て、止まらなくなった。,,,,,,,,
,咳,,,昨日から咳が出て、喉も痛いです。,,,,,,,,
,吐き気,はきけ,,頭痛が酷くて、吐き気がするんです。,,,,,,,,
,傷あと,,,この傷あとは、ずっと残るんでしょうか。,,,,,,,,
,傷がつく,,,傷がついたリンゴはちょっと安くなっています。,,,,,,,,
,傷口,,,まず、傷口をきれいな水で洗ってください。,,,,,,,,
,重体,,,＜ニュース＞病院に運ばれた乗客のうち、１人が重体とのことです。,,,,,,,,
,けが人,,,＜ニュース＞この事故には、けが人が多数出ているとのことです。,,,,,,,,
,医者にかかる,,,時々胃が痛くなるようになって、半年ほど医者にかかっています。,,,,,,,,
,診察(する),,,診察券,,,,,,,,
,血圧,,,血圧が上がる、血圧が低い、高血圧の人,,,,,,,,
,レントゲン,,,レントゲンを撮る時は、金属類を外してください。,,,,,,,,
,診断(する),,,診断の結果、1週間の入院が必要と言われた。,,,,,,,,
,カルテ,,,先生は、カルテを書きながら、次々と質問をしてきた。,,,,,,,,
,産婦人科,さんふじんか,,,,,,,,,,
,歯科,,,,,,,,,,,
,保険,,,医療や保険の分野,,,,,,,,
,薬品,,,この中には危険な薬品も含まれていますので、絶対に触らないでください。,,,,,,,,
,目薬,,,私は目が乾きやすいから、目薬をよく挿します。,,,,,,,,
,医療,,,この技術は、色々な医療機関で使われている。◇医療費,,,,,,,,
,健康保険証,,,短く、「保険保」と言うことが多い。,,,,,,,,
,健康診断,,,年に1度は健康診断を受けましょう。,,,,,,,,
,不健康(な),,,ファストフードばかり食べてから不健康ですよ。,,,,,,,,
,うがい,,,風邪の予防に、うがいと手洗いが効果的です。,,,,,,,,
,カウンセリング,,,最近、何に対してもやる気がないと言ったら、カウンセリングを受けるよう勧められた。,,,,,,,,
,リハビリ,,,祖父は、少しでも自分で歩けるように、リハビリを続けている。,,,,,,,,
,空腹,,,空腹に耐えられず、夜中にカップラーメンを食べてしまった。,,,,,,,,
,あくび,,,さっきからあくびばかりしてるね。寝不足？,,,,,,,,
,しゃっくり,,,困ったなあ。しゃっくりが止まらない。,,,,,,,,
地球・自然,太陽,,,,,,,,,,,
,重力,,,無重力の世界。,,,,,,,,
,引力,,,月の引力に引っ張られる。,,,,,,,,
,日光,,,日光浴。,,,,,,,,
,日差し,,,日差しを避ける。,,,,,,,,
,火口,,,,,,,,,,,
,噴火(する),,,,,,,,,,,
,溶岩,,,,,,,,,,,
,野,,,彼女には、野に咲く花のような徒然な魅力を感じる。◇野ネズミ,,,,,,,,
,野原,,,広い野原には、知らない花がたくさん咲いていた。,,,,,,,,
,平野,,,県南部は、海岸に沿って平野が広がっている。,,,,,,,,
,地平線,,,ここは山も高い建物もないすら、地平線が見えるんです。,,,,,,,,
,水平線,,,水平線に日が沈むのをずっと見ていた。,,,,,,,,
,日の出,,,日の出の時間、日の出を見る。,,,,,,,,
,日の入り,,,,,,,,,,,
,盆地,,,ここは盆地だから、朝と夜の気温差が大きい。,,,,,,,,
,泉,,,,,,,,,,,
,半島,,,朝鮮半島,,,,,,,,
,海洋,,,海洋調査,,,,,,,,
,現象,,,自然現象,,,,,,,,
,津波,つなみ,,＜ニュース＞この地震による津波の心配はありません。,,,,,,,,
,水面,,,見て。水面に水が張ってる。,,,,,,,,
,赤道,せきどう,,,,,,,,,,
,ジャングル,,,,,,,,,,,
,酸素,さんそ,,,,,,,,,,
,二酸化炭素,にさんかたんそ,,,,,,,,,,
,地球温暖化,,,,,,,,,,,
,自然保護,,,,,,,,,,,
,エコ,,,エコの関心のある多くの企業が、このリサイクル技術を採用した。◇エコバッグ、エコカー,,,,,,,,
,絶滅(する),,,パンダは絶滅の恐れおある動物として、保護の対象になっている。,,,,,,,,
事務用品,便せん,びんせん,,こういうきれいな便箋で手紙をもらうと、嬉しいよね。,,便箋,,,,,,
,筆,,,この筆はちょっと毛が硬い。,,,,,,,,
,筆記,,,筆記用具、筆記試験,,,,,,,,
,蛍光ペン,,,,,,,,,,,
,修正液,,,,,,,,,,,
,定規,じょうぎ,,線を引く時は、定規を使ってきれいにね。,,,,,,,,
,物差し,,,彼は自分の物差しでしか物事を判断できないんだよ。,,,,,,,,
,ガムテープ,,,段ボール箱はあるけど、ガムテープはない。,,,,,,,,
仕事・作業,労働(する),,,労働時間、労働者、労働力不足,,,,,,,,
,怠ける,,,練習を怠ける、怠け者,,,,,,,,
,収穫(する),,,米の収穫◇調べたが、特に収穫はなかった。,,,,,,,,
,製作(する),,,自動車部品の製作会社,,,,,,,,
,組み立てる,,,棚を組み立てる,,,,,,,,
,組み立て,,,自動車の組み立て工場,,,,,,,,
,企画(する),,,企画が通る,,,,,,,,
,編集(する),,,雑誌の編集、編集者,,,,,,,,
,制作(する),,,映画の制作,,,,,,,,
,作成(する),,,明日までに報告書を作成地なければならない。,,,,,,,,
,未完成(な),,,未完成の曲,,,,,,,,
,手入れ(する),,,よく手入れがされた庭ですね。,,,,,,,,
,手間,,,面白そうだけど、かなりの手間になりそうだね。◇ちょっと手間がかかるけど、すごこ美味しいんですよ。,,,,,,,,
,修正(する),,,間違ったところを修正しました。,,,,,,,,
,やり直す,,,間違いがあったので、計算をやり直すことになった。◇やり直し,,,,,,,,
,プレゼント(する),,,新商品のプレゼント,,,,,,,,
,やり取り(する),,,彼とはメールのやり取りだけで、まだ会ったことがない。,,,,,,,,
,打ち合わせ,,,会が始まる前にもう一度打ち合わせをしましょう。,,,,,,,,
,応対(する),,,まず、電話の応対ができるようになってください。,,,,,,,,
,取り次ぐ,,,森部長にお取り次ぎいただけますでしょうか。◇取り次ぎ,,,,,,,,
,保留(する),,,内線に回すときは、保留にしてから、内線番号を押してください。◇「これは中止になったの？」「とりあえず保留だって」,,,,,,,,
,席を外す,,,＜電話＞担当者はただ今席を外しておりますが・・・・・・。,,,,,,,,
,取り扱う,,,割れやすいので、取り扱いに注意してください。◇取り扱い,,,,,,,,
,管理(する),,,商品の管理、体調を管理する,,,,,,,,
,効率,,,効率を重視する。,,,,,,,,
,効率的(な),,,効率的なやり方,,,,,,,,
,能率,,,広いテーブルに変えたら、作業の能率が上がった。,,,,,,,,
,合理的(な),,,合理的な考え。,,,,,,,,
,合理化(する),,,,,,,,,,,
技術・産業,発明(する),,,,,,,,,,,
,発射(する),,,ロケットを発射する,,,,,,,,
,発電,,,原子力発電、発電所,,,,,,,,
,放射能,,,放射能汚染、放射能から身を守る,,,,,,,,
,原子爆弾,,,,,,,,,,,
,映像,,,この映画は、映像の美しさが高く評価された。,,,,,,,,
,音声,,,,,,,,,,,
,農業,,,,,,,,,,,
,工業,,,,,,,,,,,
,漁業,,,海に面したこの辺りは、昔から漁業が盛んでした。,,,,,,,,
,水産業,,,,,,,,,,,
,製造業,,,,,,,,,,,
,メーカー,,,,,,,,,,,
,商業,,,この辺りに大きな商業施設ができるそうだ。,,,,,,,,
,農産物,,,農産物の輸入,,,,,,,,
,農薬,,,これは、農薬をほとんど使わずに育てた野菜です。,,,,,,,,
,工芸,,,ガラス小芸、工芸品、伝統工芸,,,,,,,,
,名産,,,この地方の名産といえば、やはりリンゴですね。,,,,,,,,
,名物,,,大阪名物,,,,,,,,
,穀物,,,日本は、小麦やとうもろこしなど多くの穀物を輸入している。,,,,,,,,
,産地,,,この辺りはブドウの産地として有名です。,,,,,,,,
,国産,,,この店では国際の材料しか使っていません。,,,,,,,,
,〜原産,,,メキシコ原産の花。,,,,,,,,
原料・材料,素材,,,最近は、天然素材を使った化粧品が人気です。,,,,,,,,
,布,,,汚れないように、何か布で覆った方がいい。,,,,,,,,
,綿,,,綿１００％のシャツ◇「ぬいぐるみをつくってるの？」「そう。最後に綿を入れば完成」,,,,,,,,
,絹,,,,,,,,,,,
,シルク,,,,,,,,,,,
,毛皮,,,毛皮のコート,,,,,,,,
,羊毛,,,オーストラリアは、羊毛の生産が盛んです。,,,,,,,,
,毛糸,,,毛糸のマフラー,,,,,,,,
,材木,,,材木店,,,,,,,,
,鉱物,,,鉱物資源,,,,,,,,
,銅,,,,,,,,,,,
,プラスチック,,,プラスチックの容器,,,,,,,,
,水素,,,,,,,,,,,
,成分,,,食品を買うときは、どんな成分が含まれているが、必ず確認します。◇成分表示,,,,,,,,
,無害(な),,,この洗剤は体に無害なので、安心して使える。,,,,,,,,
,再利用(する),,,再利用できるものは、ここには捨てないでください。,,,,,,,,
道具・器具・機械,装置,,,安全のため、この装置を取り付ける必要があります。,,,,,,,,
,機械,,,,,,,,,,,
,はかり,,,＜料理＞材料は、はかりを使って正確に量ってください。,,,,,,,,
,タイマー,,,タイマーをセットする。,,,,,,,,
,メーター,,,,,,,,,,,
,受話器,,,,,,,,,,,
,電卓,,,,,,,,,,,
,ライター,,,,,,,,,,,
,金庫,,,,,,,,,,,
,望遠鏡,,,,,,,,,,,
,針金,,,,,,,,,,,
,ばね,,,,,,,,,,,
,鎖,,,,,,,,,,,
,水筒,,,,,,,,,,,
,蛇口,,,蛇口をひねっても水が出てこないんですが・・・,,,,,,,,
,栓,,,栓抜き,,,,,,,,
,パイプ,,,パイプが詰まって、水の流れが悪い。◇彼は日本と中国とパイプ役として期待されている。,,,,,,,,
,はしご,,,,,梯子,,,,,,
,レンガ,,,,,,,,,,,
,ペンキ,,,＜貼り紙＞ペンキ塗りたて,,,,,,,,
,雑巾,,,床は雑巾で軽く拭いてください。,,,,,,,,
,綱,,,,,,,,,,,
,風船,,,,,,,,,,,
,刀,,,,,,,,,,,
,かみそり,,,,,剃刀,,,,,,
,のこぎり,,,,,,,,,,,
,鉄砲,,,１６世紀に日本に鉄砲が伝わった。,,,,,,,,
,銃,,,銃の規制,,,,,,,,
,武器,,,,,,,,,,,
動物・植物・人間,撒く/蒔く,,,うちではピーマンは、３月にタネを撒いて、６月から７月にかけて収獲します。,,,,,,,,
,根,,,３年前に植えたこの木も、しっかりと根を伸ばしたようだ。◇根っこ,,,,,,,,
,養分,,,根をしっかり張らないと、土の養分を吸い取ることができない。,,,,,,,,
,草,,,見て。こんなところにも草が生えている。◇草を刈る,,,,,,,,
,茂,,,草が茂っていて、ボールがすぐに見つからない。,,,,,,,,
,幹,,,,,,,,,,,
,芽,,,暖かくなって、やっと芽が出てた。,,,,,,,,
,つぼみ,,,やっとつぼみがついたね。もうすぐさくかな？◇つぼみが咲き始める,,蕾,,,,,,
,花粉,,,「風邪ですか」「いえ、花粉症なんです。朝から鼻水がとまらなくて・・・・・・」,,,,,,,,
,雄,,,,,,,,,,,
,雌,,,,,,,,,,,
,稲,,,稲の葉、濃い緑色から、徐々に黄緑色に変化していきます。,,,,,,,,
,紅葉(する),,,東京は紅葉の時期が一番混むそうだよ。,,,,,,,,
,落ち葉,,,,,,,,,,,
,枯れ葉,,,,,,,,,,,
,並木,,,春になったら、この桜並木はきれいなんだろいね。,,,,,,,,
,植木,,,植木用のはさみ,,,,,,,,
,梅,,,「あの花、桜？」「２月だから桜はまだだよ。あれは梅だよ」,,,,,,,,
,杉,,,今年は杉の花粉が多いんだって。嫌だなあ。,,,,,,,,
,巣,,,,,,,,,,,
,小鳥,,,動物好きの家だったので、小鳥も飼っていました。,,,,,,,,
,つばさ,,,翼を広げる,,,,,,,,
,蚊,,,なんか、かゆいなあ。蚊に刺されたかもしれない。,,,,,,,,
,金魚,,,,,,,,,,,
,サメ,,,,,,,,,,,
,象,,,,,,,,,,,
,角,,,,,,,,,,,
,細胞,,,,,,,,,,,
,遺伝(する),,,「両親とも背が高いんです」「じゃあ、遺伝だね」,,,,,,,,
,遺伝子,,,遺伝子組み換え商品,,,,,,,,
,細菌,,,口の中には、常にたくさんの細菌がいる。,,,,,,,,
学校・教育,課程,,,教師になるには、まず２年間の専門課程を終了しなければならない。◇通信教育課程,,,,,,,,
,カリキュラム,,,新しいコースのカリキュラムが決まった。,,,,,,,,
,在学(する),,,彼女とは大学が同じで在学中からの知り合いです。,,,,,,,,
,進学(する),,,大学院に進学するか就職するかで迷っている。,,,,,,,,
,再試験,,,６０点以下の学生は来週、再試験を行います。,,,,,,,,
,答案,,,答案用紙に名前を書き忘れてしまった。,,,,,,,,
,不合格,,,残念ですが、今回は不合格でか。,,,,,,,,
,落第(する),,,テストの点が良くても、授業を休みすぎると落第になる。,,,,,,,,
,幼稚園,,,,,,,,,,,
,塾,,,受験のため、学校が終わると毎日塾に通っていた。,,,,,,,,
,幼児,,,幼児向けの本なので、絵がたくさん描いてあります。,,,,,,,,
,児童,,,安全のため、保護者に児童の送り迎えを頼んでいる。,,,,,,,,
,新入生,,,新入生に学校を案内してあげた。,,,,,,,,
,校庭,,,校庭で遊ぶ子供もいれば、教室で本を読む子供もいる。,,,,,,,,
,学期,,,４月から進学機だから、テキストが変わる。,,,,,,,,
,語学,,,私の姉は語学が趣味で、今はタイ語を勉強しています。,,,,,,,,
大学・研究,分野,,,自分がどんな分野に興味があるのか、最近やっとわかってきた。,,,,,,,,
,政治学,,,,,,,,,,,
,経済学,,,,,,,,,,,
,教育学,,,,,,,,,,,
,心理学,,,,,,,,,,,
,物理学,,,,,,,,,,,
,自然科学,,,,,,,,,,,
,人文科学,,,,,,,,,,,
,概論,,,,,,,,,,,
,研究室,,,先生の研究室を訪ねて、よくアドバイスをしてもらいました。,,,,,,,,
,観測(する),,,この巨大な望遠鏡を使って、毎日、星や太陽の動きを観測しています。,,,,,,,,
,博士,はかせ,,修士号を取ったら、博士課程に進むつもりです。,,,,,,,,
,説,,,月の誕生については、色々に説がある。,,,,,,,,
,学会,,,次の学会で発表することになった。,,,,,,,,
対象・範囲,限る,,,限られた時間で、とこまで準備ができるだろう？,,,,,,,,
,〜限り,,,商品到着後7日間に限り、返品も可能です。◇私の知っている限り、彼はそんな人じゃない。,,,,,,,,
,限定(する),,,限定１００個とか言われると、どうしても欲しくなっちゃう。,,,,,,,,
,限度,,,ホテル代は1泊１万円が限度だな。それ以上は出せないよ。,,,,,,,,
,越す,,,今日も30度を越す暑い一日となりました。,,,,,,,,
,無限,,,子供たちには無限の可能性がある。,,,,,,,,
,未満,,,１８歳未満は中に入ることができません。,,,,,,,,
,不問,,,＜アルバイトの募集広告＞経験不問。初めての方でも大歓迎。,,,,,,,,
,問わない,,,＜アルバイトの募集広告＞だんじょは問わない。,,,,,,,,
,あらゆる,,,その店には、ゴルフに関するあらゆる商品が揃っている。◇あらゆる可能性を探る,,,,,,,,
,全般,,,このような傾向は、日本社会全般に見られます。,,,,,,,,
,例外,,,この発音のルールに従えばいいのですが、一部、例外もあります。,,,,,,,,
,唯一,,,入院中はひまで、唯一の娯楽がテレビでした。,,,,,,,,
,そのもの,,,運動そのものは悪くないけど、やり方によっては体を悪くすることもある。,,,,,,,,
,めいめい,"Каждый, индивидуальный",,夕食は全員一緒だけど、昼食はめいめいでとることになった。,,,,,,,,
,〜通り,〜とおり,,ゴルフ道具は一通り揃えましたが、まだ使ったことがないんです。,,,,,,,,
社会・国・ルール,国家,,,国家公務員、国家プロジェクト,,,,,,,,
,治める,,,国に治める,,,,,,,,
,政治,,,,,,,,,,,
,政治家,,,,,,,,,,,
,総理大臣,,,,,,,,,,,
,政党,,,各政党から１名の候補者が出た。,,,,,,,,
,党,,,党の代表、民主党,,,,,,,,
,官庁,,,中央官庁,,,,,,,,
,県庁,,,,,,,,,,,
,消防,,,消防署、消防車、消防隊,,,,,,,,
,制度,,,年金制度、制度を見直す,,,,,,,,
,改革(する),,,教育制度を改革する必要がある。,,,,,,,,
,憲法,,,,,,,,,,,
,改正(する),,,法律を改正する。,,,,,,,,
,規律,,,軍隊では、規律が第一だ。,,,,,,,,
,違反(する),,,一人で行ったの？　それはルール違反だよ。,,,,,,,,
,判決,,,裁判で無罪の判決が出た。,,,,,,,,
,罰(する),ばっ(する),,飲酒運転は法律で厳しく罰せられる。,,,,,,,,
,軍,,,海軍、空軍、陸軍,,,,,,,,
,軍隊,,,軍隊に入る,,,,,,,,
,自衛,,,自衛隊,,,,,,,,
,治安,,,治安の良くない所には、一人で行かないで下さい。,,,,,,,,
,自治,,,地方自治,,,,,,,,
,方針,,,国の方針に基づいて、新たな工事計画が発表された。,,,,,,,,
,権利,,,,,,,,,,,
,義務,,,権利を主張する前に、ちゃんと義務を果たしてほしい。,,,,,,,,
,正式(な),,,正式な発表,,,,,,,,
,公正(な),,,選挙が公正に行われているか、厳しくチェックしなければならない。,,,,,,,,
,エチケット,,,咳をするときは、ハンカチなどで口を押さえるのがエチケットだと思う。,,,,,,,,
,個人情報,,,個人情報の取り扱いに注意してください。,,,,,,,,
,リサイクル(する),,,ゴミのリサイクル,,,,,,,,
,世間,,,今、この新サービスが世間の注目を集めている。,,,,,,,,
,民間,,,公務員になるのはやめて、民間企業に就職するつもりです。,,,,,,,,
職業・身分,ビジネスマン,,,,,,,,,,,
,農家,,,実家が農家なので、野菜がよく送られてくるんです。,,,,,,,,
,工員,,,,,,,,,,,
,船員,,,,,,,,,,,
,教員,,,教員免許、大学の教員,,,,,,,,
,技師,,,レントゲン技師,,,,,,,,
,エンジニア,,,,,,,,,,,
,コック,,,,,,,シェフ,,,,
,警官,,,,,,,,,,,
,お巡りさん,,,交番で道を尋ねたら、お巡りさんがすごく親切に教えてくれた。,,,,,,,,
,刑事,,,,,,,,,,,
,弁護士,,,,,,,,,,,
,消防士,,,,,,,,,,,
,宇宙飛行士,,,,,,,,,,,
,詩人,,,,,,,,,,,
,ジャーナリスト,,,,,,,,,,,
,牧師,,,,,,,,,,,
,神父,,,,,,,,,,,
,大家,,,家賃は大家さんに毎月、現金で払っています。家主,,,,家主,やぬし,,,
,専門家,,,専門家の意見を聞いたほうがいい。,,,,,,,,
,芸術家,,,,,,,,,,,
,科学者,,,子供の頃は科学者になるのが夢でした。,,,,,,,,
,学者,,,言語学者、有名な学者,,,,,,,,
,職人,,,時計職人、ガラス職人,,,,,,,,
,弟子,,,,,,,,,,,
,助手,,,助手を雇う,,,,,,,,
,就職活動,,,,,,,,,,,
,求人,,,あの店で求人が出ていたよ。,,,,,,,,
,急募,,,＜求人広告＞アルバイト急募！,,,,,,,,
,採用(する),,,採用試験、企画を採用する,,,,,,,,
,正社員,,,,,,,,,,,
,派遣 (する),,,事故原因を調べるため、現地に調査チームが派遣された。,,,,,,,,
,労働者,,,,,,,,,,,
,リストラ(する),,,Ａ社は、今後２年間で３０００人の従業員をリストラすることを発表した。,,,,,,,,
,失業(する),,,,,,,,,,,
,職,,,職探し、職が見つかる、無職,,,,,,,,
,役人,,,役人に任せておくだけはだめだ。,,,,,,,,
,職員,,,市役所の職員、大学の職員,,,,,,,,
,スタッフ,,,今回一緒に仕事をしたスタッフ全員に感謝しています。,,,,,,,,
,係員,,,係員を呼んできますので、ここでお待ちください。,,,,,,,,
,属する,,,彼はどのグループにも属していない。,,,,,,,,
,地位,,,社会的地位の高い人,,,,,,,,
,位,,,一つ位が上がる、位の低い人間,,,,,,,,
,出席(する),,,彼がこんなに出世するとは思わなかった。,,,,,,,,
,昇進(する),,,,,,,,,,,
,キャプテン,,,,,,,,,,,
,重役,,,重役会議,,,,,,,,
,就任,,,会長を就任する,,,,,,辞任(する),じにん(する),
,引退(する),,,,,,,,,,,
,営業(する),,,彼は営業に向いている。＜店＞営業時間,,,,,,,,
,販売(する),,,,,,,,,,,
,経理,,,領収書が必要かどうか、経理の者に聞いてみます。,,,,,,,,
,人事,,,人事部、人事に関するお知らせ,,,,,,,,
,身分,,,身分証明書,,,,,,,,
,武士,,,,,,,,,,,
,農民,,,,,,,,,,,
立場・役割,担当(する),,,今月からこの地域を担当します。◇担当者,,,,,,,,
,責任,,,何か問題が起きたら、私が責任を取ります。◇今回の事故は誰の責任になるんですか。◇もし次の試合に負けると、監督は責任を問われることになるだろう。◇責任を果たす、責任が重い、責任感,,,,,,,,
,責任者,,,＜商品やサービスへの不満＞あのー、責任者に代わってもらえませんか。,,,,,,,,
,代理,,,今日は部長の代理で私が参りました。,,,,,,,,
,議長,,,,,,,,,,,
,当番,,,,,,,,,,,
,役目,,,皆さんに必要な情報を提供するのが、私たちの役目です。,,,,,,,,
,役員,,,PTAの役目、会社の役目,,,,,,,,
グループ・組織,組織,,,組織づくり、体の組織,,,,,,,,
,集団,,,集団で行動する,,,,,,,,
,群/群れ,むれ,,象の群の中には、小さな赤ちゃん像もいます。,,,,,,,,
,自社,,,新人の方は、まず、自社商品にそいて勉強してください。,,,,,,,,
,当社,,,当社としては、政府のこの計画に賛成です。,,,,,,,,
,我が社,,,我が社にとって、今年は記念すべき年になりました。,,,,,,,,
,他社,,,他社の動きにも、注意しなければなりません。,,,,,,,,
,本店,,,,,,,,,,,
,支店,,,,,,,,,,,
,本部,,,本部から指示かあれば、スタッフがいつでも現地に行けるよう準備をしています。,,,,,,,,
,支社,,,,,,,,,,,
,本社,,,,,,,,,,,
,大勢,,,監督が変わり、チームは新しい体制でスタートした。,,,,,,,,
,集会,,,うちのマンションでは、年に何回か集会があります。,,,年に：ねんに,,,,,
,組合,,,労働組合,,,,,,,,
,国立,,,国立公園、国立施設,,,,,,,,
,私立,,,私立大学、私立高校,,,,,,,,
,公立,,,やはり公立の学校より私立のほうが授業料が高い。,,,,,,,,
行事・イベント,日程,,,出張の日程が決まったら、お知らせください。◇日程の調整,,,,,,,,
,催す,,,＜案内＞今月の催し物◇催し,,,,,,,,
,開催(する),,,次のオリンピクは東京で開催されるかもしれない。◇開催日程,,,,,,,,
,展覧会,,,今週末は子供の絵の展覧会を見に行く予定です。,,,,,,,,
,宴会,,,お酒はあまり飲めませんが、宴会の楽しい雰囲気は好きです。,,,,,,,,
,コンパ,,,新入生歓迎コンパ,,,,,,,,
,(お)盆,,,お盆と正月には、家族を連れて、実家に帰るようにしています。,Я стараюсь каждый год на Обон и новый год ездить с семьей к родителям.,,,,,,,
,お参り(する),,,正月は毎年、この神社にお参りにきます。,,,,,,,,
,(お)墓参り,,,お盆は毎年家族そろってお墓参りに行きます。,,,,,,,,
手続き,手続き(する),,,手続きが必要な方はこちらにお並びください。,,,,,,,,
,無断(する),,,この写真、本人に無断で使ったの？　それは駄目だよ。,,,,,,,,
,申請(する),,,奨学金の申請をしたい人は、25日までに書類を提出してください。,,,,,,,,
,届け,,,休暇を取るときは、早めに届けを出すようにしてください。◇届け出,,,,,,,,
,アポイント/アポ,,,「午後にちょっと打ち合わせしようか」「すみません、アポが一つ入ってるんです。夕方なら大丈夫ですが」◇「A社にはアポなしで行くつもり？」「いえ、もう取ってあります」,,,,,,,,
,応募(する),,,１０人の募集に対して、１００人以上の応募があった。◇応募者,,,,,,,,
,締め切る,,,定員になりましたので、受付を締め切らせていただけます。◇締め切り,,,,,,,,
,申込者,,,,,,,,,,,
,処理(する),,,工場から出るこのようなごみは、どのように処理されるんですか。,,,,,,,,
,発行(する),,,ビザの発行までに約１週間かかります。,,,,,,,,
,取り消す,,,,,,,,,,,
,取り消し,,,予約の取り消しは、必ず前日までにご連絡ください。,,,,,,,,
,可決(する),,,この案は、賛成多数で可決された。,,,,,,否決(する),ひけつ(する),
,公表(する),,,この調査結果を公表するかどうか、政府内で議論があつたようだ。,,,,,,非公表,ひこうひょう,
,公開(する),,,写真や連絡先などは、公開か非公開か選択できます。,,,,,,非公開,ひこうかい,
,公式(な),,,非公式てはありますが、この記録は、従来の世界記録を大幅に超えるものです。,,,,,,非公式,ひこうしき,
場所・位置・方向,中心,,,町の中心に神社がある。,,,,,,,,
,中央,,,＜写真＞皆さん、もうちょっと中央に寄ってください。,,,,,,,,
,縁,,,このグラス、縁の部分が汚れている。,,,,,,,,
,底,,,,,,,,,,,
,面,,,,,,,,,,,
,面する,,,西側の部屋は道路に面していて、うるさい。,,,,,,,,
,表,,,,,,,,,裏,うら,
,裏,,,,,,,,,,,
,逆さ,,,この絵は逆さから見ても人の顔になります。,,,,,,,,
,逆さま,,,シャツ、表裏逆さまに着てるんじゃない？,,,,,,,,
,斜め,,,コピーがちょっと斜めになっちゃった。◇右斜め前の人が青木さんです。,,,,,,,,
,垂直(な),,,,,,,,,,,
,水平(な),,,,,,,,,,,
,地面,,,地面に大きな穴が空いている。,,,,,,,,
,場,,,この教室は、男女の出会いの場にもなっている。◇その場の雰囲気,,,,,,,,
,スペース,,,荷物を置くスペースがない。,,,,,,,,
,間隔,,,大体５０センチ間隔でいすをなせべてください。,,,,,,,,
,中間,,,私の家は、A駅とB駅のちょうど中間にあります。,,,,,,,,
,手前,,,＜タクシー＞次の信号の手前で降ろしてください。,,,,,,,,
,付近,,,公園の入り口付近で事故が起きた。,,,,,,,,
,最寄り,,,最寄りお駅,,,,,,,,
,方角,,,方角を間違える、南西の方角,,,,,,,,
,東西,,,,,,,,,,,
,南北,,,日本は南北に長い。,,,,,,,,
,方面,,,とりあえず東京方面に向かう電車に乗ろう。,,,,,,,,
,地理,,,彼はこの辺りの地理に詳しいです。◇地理の授業、地理的な条件,,,,,,,,
,目印,,,駅を降りてすぐです。黄色い看板が目印です。,,,,,,,,
,頂上,,,,,,,,,,,
,ふもと,,,,,,,,,,,
,頂点,,,＜スポーツなど＞いずれ世界の頂点に立ちたいと思います。,,,,,,,,
,境界,,,この道路が、隣の県との境界になっている。,,,,,,,,
,区域,,,川沿いの住宅地は、市から危険区域に指定されている。,,,,,,,,
,区間,,,電車区間,,,,,,,,
,区分,,,この地図は、避難場所の区分を示したものです。,,,,,,,,
,国境,,,,,,,,,,,
,出入口,,,出入り口に物を置かないでください。,,,,,,,,
,内側,,,内側のポケット,,,,,,,,
,両側,,,道の両側に店が並んでいる。,,,,,,,,
,隙間,,,隙間は汚れがたまりやすいから、よく洗ってください。,,,,,,,,
,基地,,,,,,,,,,,
,焦点,,,この眼鏡は焦点が合ってない気がする。,,,,,,,,
,先頭,,,先頭を走っているのが原さんです。,,,,,,,,
,空中,,,まるで空中に浮いているような感じでした。,,,,,,,,
,屋外,,,屋外コンサート,,,,,,,,
,全国,,,バイクで(日本)全国の温泉を回っています。,,,,,,,,
,農村,,,漁村,,,,,,,,
,下町,,,ここは下町の雰囲気が残っていて、懐かしい気分になる。,,,,,,,,
,あちらこちら,,,あちらこちらから反対の声が上がった。,,,,,,,,
,所々,,,この鞄は所々に傷がある。,,,,,,,,
,よそ,,,ここにはないけど、よそなら売ってるかもしれない。◇よそ見をするな！,,,,,,,,
,移転(する),,,あの店は先月移転しました。,,,,,,,,
商品・サービス,レンタル(する),,,キャンプ用品は、現地でレンタルすることにしました。◇レンタカー,,,,,,,,
,在庫,,,「これの赤はありますか」「赤ですね。今、在庫を確認してきますので、少々お待ちください」,,,,,,,,
,品,,,お祝いの品、思い出の品、豊富な品揃え,,,,,,,,
,高級品,,,「どう？　その万年筆」「やっぱり高級品は違うね。すごく書きやすい」,,,,,,,,
,不良品,,,不良品だったから交換してもらった。,,,,,,,,
,貨物,,,貨物列車,,,,,,,,
,輸送(する),,,輸送手段として、トラックと船を使うことになる。,,,,,,,,
,普及(する),,,携帯電話の普及によって、公衆電話の数がすごく減った。,,,,,,,,
,コマーシャル,,,あっ、これ、テレビのコマーシャルで見た！,,,,,,,,
,再放送,,,その番組、見逃しちゃったんだよ。再放送してくれないかなあ。,,,,,,,,
,開店(する),,,,,,,,,,,
,閉店(する),,,閉店時間◇今月いっぱいでこの店を閉店することになりました。,,,,,,,,
,定休日,,,,,,,,,,,
知識・能力,能力,,,うちの会社では、能力がある人にはどんどんチャンスが与えられます。◇能力を測る,,,,,,,,
,発揮(する) ,,,緊張して実力を発揮できませんでした。,,,,,,,,
,有能(な),,,有能な部下を持って、私は幸せですよ。,,,,,,,,
,素質,,,初めてなのに上手だね。素質があるよ。,,,,,,,,
,知恵,,,考えてもなかなかいい知恵が浮かばない。,,,,,,,,
,想像力,,,相手がどんな気持ちか、ちょっと想像力を働かせればわかることだよ。,,,,,,,,
,集中力,,,これは非常に細かい作業なので、集中力が必要です。,,,,,,,,
,学力,,,調査の結果、子供の学力が全体的に下がっていることがわかった。,,,,,,,,
,学歴,,,社会に出たら学歴は関係ないというけど、本当でしょうか。,,,,,,,,
,教養,,,大学では、専門的な知識を学ぶだけでなく、教養を身につけることも大切だ。,,,,,,,,
,資格,,,彼女は看護師になるのが夢で、今、その資格を取るための勉強をしている。,,,,,,,,
,免許,,,運転免許はまだ持っていません。,,,,,,,,
,初心者,,,初心者の方も大勢いますから、気軽に参加してください。,,,,,,,,
,上達(する),,,毎日練習しているんだけど、なかなか上達しない。,,,,,,,,
,進歩(する),,,最近の技術の進歩の速さにはついていけない。,,,,,,,,
,ベテラン,,,ベテランと新人とでは、仕事のスピードが全然違う。◇経験２０年の大ベテラン,,,,,,,,
評価・成績,基準,,,採用するかどうかの判断基準は何ですか。,,,,,,,,
,採点(する),,,,,,,,,,,
,満点,,,,,,,,,,,
,最高,,,,,,,,,,,
,最低,,,,,,,,,,,
,勝る,,,,,,,,,,,
,劣る,,,,,,,,,,,
,敗れる,,,,,,,,,,,
,弱点,,,,,,,,,,,
,勝敗,,,,,,,,,,,
,可,,,,,,,,,,,
,不可,,,,,,,,,,,
,損(な),,,,,,,,,,,
,得(な),,,,,,,,,,,
,損得,,,,,,,,,,,
,釣り合う,,,,,,,,,,,
,相当(する),,,,,,,,,,,
,相応しい,ふさわしい,,,,,,,,,,
,肯定,,,,,,,,,,,
,否定,,,,,,,,,,,
,等しい,,,,,,,,,,,
,批判(する),,,,,,,,,,,
,批評(する),,,,,,,,,,,
,評論(する),,,,,,,,,,,
,進める,,,,,,,,,,,
,おすすめ(する),,,,,,,,,,,
,推薦(する),,,,,,,,,,,
,支持(する),,,,,,,,,,,
,見事(な),,,,,,,,,,,
,傑作,,,,,,,,,,,
,立派(な),,,,,,,,,,,
,豪華(な),,,,,,,,,,,
,大した,,,,,,,,,,,
,妥当(な),,,,,,,,,,,
,手頃(な),,,,,,,,,,,
,まし(な),,,,,,,,,,,
,大して〜ない,,,,,,,,,,,
,粗末(な),,,,,,,,,,,
,意義,,,,,,,,,,,
,重要(な),,,,,,,,,,,
,重大(な),,,,,,,,,,,
,重視(する),,,,,,,,,,,
,第一,,,,,,,,,,,
,次ぐ,,,,,,,,,,,
,くだらない,,,,,,,,,,,
,みっともない,,,,,,,,,,,
,軽蔑(する),,,,,,,,,,,
,最悪(な),,,,,,,,,,,
,比べる,,,,,,,,,,,
,見方,,,,,,,,,,,
,見解,,,,,,,,,,,
,客観的(な),,,,,,,,,主観的(な),しゅかんてき(な),
,主観的(な),,,,,,,,,,,
,公平(な),,,,,,,,,,,
,不公平(な),,,,,,,,,,,
,特殊(な),,,,,,,,,,,
,ユニーク(な),,,,,,,,,,,
,特色,,,,,,,,,,,
,特長,,,,,,,,,,,
,オリジナル,,,,,,,,,,,
,本物,,,,,,,,,,,
,偽物,,,,,,,,,,,
,似る,,,,,,,,,,,
,独特(な),,,,,,,,,,,
,水準,,,,,,,,,,,
,標準,,,,,,,,,,,
,平凡(な),,,,,,,,,,,
,平等(な),,,,,,,,,,,
,高等(な),,,,,,,,,,,
,上等(な),,,,,,,,,,,
経済・ビジネス,ビジネス,,,,,,,,,,,
,商売(する),,,,,,,,,,,
,事業,,,,,,,,,,,
,大企業,,,,,,,,,,,
,中小企業,,,,,,,,,,,
,需要,,,,,,,,,,,
,供給,,,,,,,,,,,
,取引(する),,,,,,,,,,,
,利益,,,,,,,,,,,
,損失,,,,,,,,,,,
,売れ行き,,,,,,,,,,,
,景気,,,,,,,,,,,
,不景気,,,,,,,,,,,
,株式,,,,,,,,,,,
,株,,,,,,,,,,,
,円高,,,,,,,,,,,
,円安,,,,,,,,,,,
,通貨,,,,,,,,,,,
精神・宗教,思想,,,,,,,,,,,
,主義,,,,,,,,,,,
,民主主義,,,,,,,,,,,
,運,,,,,,,,,,,
,幸運(な),,,,,,,,,,,
,不運(な),,,,,,,,,,,
,神,,,,,,,,,,,
,仏,,,,,,,,,,,
,宗教,,,,,,,,,,,
,信仰(する),,,,,,,,,,,
,祈る,,,,,,,,,,,
,祈り,,,,,,,,,,,
,拝む,,,,,,,,,,,
気持ち・心の状態,愛(する),,,,,,,,,,,
,恋(する),,,,,,,,,,,
,恋しい,,,,,,,,,,,
,恋愛(する),,,,,,,,,,,
,意識(する),,,,,,,,,,,
,無意識に,,,,,,,,,,,
,思いがけない,,,,,,,,,,,
,感激(する),,,,,,,,,,,
,(お)めでたい,,,,,,,,,,,
,快適(な),,,,,,,,,,,
,愉快(な),,,,,,,,,,,
,くっろぐ,,,,,,,,,,,
,張り切る,,,,,,,,,,,
,さっぱり(する),,,,,,,,,,,
,しみじみ,,,,,,,,,,,
,ほっと(する),,,,,,,,,,,
,敬意,,,,,,,,,,,
,好奇心,,,,,,,,,,,
,気が重い,,,,,,,,,,,
,〜気がする,,,,,,,,,,,
,気が進まない,,,,,,,,,,,
,気が済む,,,,,,,,,,,
,気が散る,,,,,,,,,,,
,気が向く,,,,,,,,,,,
,気が楽,,,,,,,,,,,
,気に入る,,,,,,,,,,,
,お気に入り,,,,,,,,,,,
,気にかかる,,,,,,,,,,,
,気にする,,,,,,,,,,,
,気になる,,,,,,,,,,,
,気のせい,,,,,,,,,,,
,気の毒(な),きのどく(な),"Сочувственно, неудачно",,,,,,,,,
,気をつける,,,,,,,,,,,
,気分,,,,,,,,,,,
,気分がいい,,,,,,,,,,,
,気味,,,,,,,,,,,
,不気味(な),,,,,,,,,,,
,気配,,,,,,,,,,,
,本気,,,,,,,,,,,
,やる気,,,,,,,,,,,
,強気(な),,,,,,,,,,,
,弱気(な),,,,,,,,,,,
,覚悟(する),,,,,,,,,,,
,決心(する),,,,,,,,,,,
,心当たり,,,,,,,,,,,
,心掛ける,,,,,,,,,,,
,あきれる,,,,,,,,,,,
,嫌になる,,,,,,,,,,,
,うっとうしい,,,,,,,,,,,
,恨む,,,,,,,,,,,
,恨み,,,,,,,,,,,
,うらやむ,,,,,,,,,,,
,恐る,,,,,,,,,,,
,傷つく,,,,,,,,,,,
,恐縮(する),,,,,,,,,,,
,失望(する),,,,,,,,,,,
,がっかり(する),,,,,,,,,,,
,すまない,,,,,,,,,,,
,たまらない,,,,,,,,,,,
,ためらう,,,,,,,,,,,
,憎む,,,,,,,,,,,
,憎らしい,,,,,,,,,,,
,憎たらしい,,,,,,,,,,,
,ばかばかしい,,,,,馬鹿馬鹿しい,,,,,,
,不愉快(な),,,,,,,,,,,
,惨め(な),,,,,,,,,,,
,やばい,,,,,,,,,,,
性格・態度,態度,,,,,,,,,,,
,表情,,,,,,,,,,,
,無表情(な),,,,,,,,,,,
,卑怯(な),,,,,,,,,,,
,ずるい,,,,,,,,,,,
,欲張る,,,,,,,,,,,
,欲張り(な),,,,,,,,,,,
,厚かましい,,,,,,,,,,,
,図々しい,,,,,,,,,,,
,生意気(な),,,,,,,,,,,
,ぞんざい(な),,,,,,,,,,,
,威張る,,,,,,,,,,,
,馬鹿にする,,,,,,,,,,,
,尊重(する),,,,,,,,,,,
,プライド,,,,,,,,,,,
,謙虚(な),,,,,,,,,,,
,謙遜(する),,,,,,,,,,,
,そそっかしい,,,,,,,,,,,
,不器用(な),,,,,,,,,,,
,頑固(な),,,,,,,,,,,
,素直(な),,,,,,,,,,,
,率直(な),,,,,,,,,,,
,誠実(な),,,,,,,,,,,
,慎重(な),,,,,,,,,,,
,用心(する),,,,,,,,,,,
,用心深い,,,,,,,,,,,
,油断(する),,,,,,,,,,,
,大人しい,,,,,,,,,,,
,消極的(な),,,,,,,,,,,
,熱心(な),,,,,,,,,,,
,不親切(な),,,,,,,,,,,
,社交的(な),,,,,,,,,,,
,朗らか(な),,,,,,,,,,,
,陽気(な),,,,,,,,,,,
,生き生き(と),,,,,,,,,,,
,可愛らしい,,,,,,,,,,,
,幼稚(な),,,,,,,,,,,
,頼もしい,,,,,,,,,,,
,のんき(な),,,,,,,,,,,
,大ざっぱ(な),,,,,,,,,,,
,ルーズ(な),,,,,,,,,,,
,だらしない,,,,,,,,,,,
,気が強い,,,,,,,,,,,
,強気(な),,,,,,,,,,,
,気が弱い,,,,,,,,,,,
,気が短い,,,,,,,,,,,
,気が早い,,,,,,,,,,,
,気が小さい,,,,,,,,,,,
,気が利く,,,,,,,,,,,
思う・考えかる,思いつく,,,,,,,,,,,
,発想,,,,,,,,,,,
,空想(する),,,,,,,,,,,
,考え出す,,,,,,,,,,,
,考えつく,,,,,,,,,,,
,考え直す,,,,,,,,,,,
,考慮(する),,,,,,,,,,,
,勘違い(する),,,,,,,,,,,
,思いこむ,,,,,,,,,,,
,考え込む,,,,,,,,,,,
,予測(する),,,,,,,,,,,
,予想(する),,,,,,,,,,,
,推測(する),,,,,,,,,,,
,見当,,,,,,,,,,,
,納得(する),,,,,,,,,,,
,解く,,,,,,,,,,,
,意思,,,,,,,,,,,
方法・形式・スタイル,図表,,,,,,,,,,,
,図形,,,,,,,,,,,
,矢印,,,,,,,,,,,
,イラスト,,,,,,,,,,,
,欄,,,,,,,,,,,
,余白,,,,,,,,,,,
,注,,,,,,,,,,,
,履歴書,,,,,,,,,,,
,公式,,,,,,,,,,,
,前者,,,,,,,,,,,
,後者,,,,,,,,,,,
,省略(する),,,,,,,,,,,
,手段,,,,,,,,,,,
,足し算,,,,,,,,,,,
,引き算,,,,,,,,,,,
,掛け算,,,,,,,,,,,
,割り算,,,,,,,,,,,
,面積,,,,,,,,,,,
,容積,,,,,,,,,,,
,〜風,,,,,,,,,,,
,洋風,,,,,,,,,,,
,和風,,,,,,,,,,,
,洋室,,,,,,,,,,,
,和室,,,,,,,,,,,
動きの様子,のろい,,,,,,,,,,,
,のろのろ,,,,,,,,,,,
,さっと,,,,,,,,,,,
,すっと,,,,,,,,,,,
,そっと,,,,,,,,,,,
,こっそり,,,,,,,,,,,
,しんと/しーんと,,,,,,,,,,,
,せっせと,,,,,,,,,,,
,慌ただしい,,,,,,,,,,,
,ばったり(と),,,,,,,,,,,
,たちまち,,,,,,,,,,,
,直ちに,,,,,,,,,,,
,着々(と),,,,,,,,,,,
,次々(と),,,,,,,,,,,
,続々(と),,,,,,,,,,,
,勢い,,,,,,,,,,,
,勢いよく,,,,,,,,,,,
,しきりに,,,,,,,,,,,
,絶えず,,,,,,,,,,,
,ひとりでに,,,,,,,,,,,
,自動的(な),,,,,,,,,,,
,強引(な),,,,,,,,,,,
,力強い,,,,,,,,,,,
追伸,かけ直す,,,,,,,,,,,
,回す,,,,,,,,,,,
,内戦,,,,,,,,,,,
,外線,,,,,,,,,,,
,フリーダイヤル,,,,,,,,,,,
,速達,,,,,,,,,,,
,〜御中,,,,,,,,,,,
,電報,,,,,,,,,,,
,受け取る,,,,,,,,,,,
,受け取り,,,,,,,,,,,
パソコン・ネット,立ち上げる,,,,,,,,,,,
,立ち上がる,,,,,,,,,,,
,終了(する),,,,,,,,,,,
,バージョン,,,,,,,,,,,
,サーバー,,,,,,,,,,,
,ケーブル,,,,,,,,,,,
,件名,,,,,,,,,,,
,差出人,,,,,,,,,,,
,掲示板,,,,,,,,,,,
,ヒット(する),,,,,,,,,,,
,画像,,,,,,,,,,,
,コピー&ペスト(する),,,,,,,,,,,
,変換(する),,,,,,,,,,,
,改行(する),,,,,,,,,,,
,削除(する),,,,,,,,,,,
,圧縮(する),,,,,,,,,,,
,解凍(する),,,,,,,,,,,
,フォルダ,,,,,,,,,,,
物の形・状態,長方形,,,,,,,,,,,
,直角,,,,,,,,,,,
,直通,,,,,,,,,,,
,束,,,,,,,,,,,
,塊,,,,,,,,,,,
,粒,,,,,,,,,,,
,粉,,,,,,,,,,,
,個体,,,,,,,,,,,
,液体,,,,,,,,,,,
,気体,,,,,,,,,,,
,蒸気,,,,,,,,,,,
,水蒸気,,,,,,,,,,,
,湯気,,,,,,,,,,,
,びっしょり,,,,,,,,,,,
,つるつる,,,,,,,,,,,
,つや,,,,,,,,,,,
,湿る,,,,,,,,,,,
,さびる,,,,,,,,,,,
,さび,,,,,,,,,,,
,濁る,,,,,,,,,,,
,澄む,,,,,,,,,,,
,透明(な),,,,,,,,,,,
,空,,,,,,,,,,,
,空っぽ,,,,,,,,,,,
,広々,,,,,,,,,,,
,清潔(な),,,,,,,,,,,
,不潔(な),,,,,,,,,,,
,不安定(な),,,,,,,,,,,
問題・トラブル・事故,発生(する),,,,,,,,,,,
,停電(する),,,,,,,,,,,
,火災,,,,,,,,,,,
,洪水,,,,,,,,,,,
,震度,,,,,,,,,,,
,災害,,,,,,,,,,,
,防災,,,,,,,,,,,
,災難,,,,,,,,,,,
,被害,,,,,,,,,,,
,損害,,,,,,,ダメージ,,,,
,障害,,,,,,,,,,,
,欠陥,,,,,,,,,,,
,騒音,,,,,,,,,,,
,苦情,,,,,,,,,,,
,もめる,,,,,,,,,,,
,衝突(する),,,,,,,,,,,
,妨げる,,,,,,,,,,,
,妨げ,,,,,,,,,,,
,処分(する),,,,,,,,,,,
,危機,,,,,,,,,,,
,高齢化,,,,,,,,,,,
,少子化,,,,,,,,,,,
,地球温暖化,,,,,,,,,,,
,植える,,,,,,,,,,,
,未解決,,,,,,,,,,,
,対策(する),,,,,,,,,,,
,警告(する),,,,,,,,,,,
,避難(する),,,,,,,,,,,
,溺れる,,,,,,,,,,,
,行方不明,,,,,,,,,,,
,保護(する),,,,,,,,,,,
,救助(する),,,,,,,,,,,
,不正,,,,,,,,,,,
,詐欺,,,,,,,,,,,
,だます,,,,,,,,,,,
,進入(する),,,,,,,,,,,
,盗難,,,,,,,,,,,
,強盗,,,,,,,,,,,
,防犯,,,,,,,,,,,
言葉,単語,,,,,,,,,,,
,熟語,,,,,,,,,,,
,用語,,,,,,,,,,,
,語彙,,,,,,,,,,,
,アクセント,,,,,,,,,,,
,述語,,,,,,,,,,,
,文脈,,,,,,,,,,,
,論理,,,,,,,,,,,
,論理的(な),,,,,,,,,,,
,要旨,,,,,,,,,,,
,略す,,,,,,,,,,,
,英文,,,,,,,,,,,
,言語,,,,,,,,,,,
文学・音楽・芸術,作品,,,,,,,,,,,
,創作(する),,,,,,,,,,,
,エッセイ,,,,,,,,,,,
,伝記,,,,,,,,,,,
,笛,,,,,,,,,,,
,太鼓,,,,,,,,,,,
,芝居,,,,,,,,,,,
,悲劇,,,,,,,,,,,
,喜劇,,,,,,,,,,,
,演劇,,,,,,,,,,,
,演技(する),,,,,,,,,,,
,出演(する),,,,,,,,,,,
,美術,,,,,,,,,,,
,絵画,,,,,,,,,,,
,彫刻,,,,,,,,,,,
,芸術,,,,,,,,,,,
,芸能,,,,,,,,,,,
,観賞(する),,,,,,,,,,,
